Symbol,Series,Date,Prev Close,Open Price,High Price,Low Price,Last Price,Close Price,Average Price,Total Traded Quantity,Turnover,No. of Trades,Deliverable Qty,% Dly Qt to Traded Qty,year,month,pct_change,Trend
BAJFINANCE,EQ,2017-05-15,1314.75,1323,1348.5,1317.65,1332,1332.95,1335.96,634195,847257919.7,16701,188623,29.74,2017,5,0,No change
BAJFINANCE,EQ,2017-05-16,1332.95,1337.4,1358.8,1327.2,1346,1347.75,1344.96,788530,1060542484,22552,274106,34.76,2017,5,1.110319217,Positive
BAJFINANCE,EQ,2017-05-17,1347.75,1350,1374,1297.5,1320,1324.8,1343.51,2408302,3235569756,67508,468034,19.43,2017,5,-1.702838063,Negative
BAJFINANCE,EQ,2017-05-18,1324.8,1299,1343,1296.05,1310.7,1314.55,1325.97,1210985,1605727643,34422,305579,25.23,2017,5,-0.773701691,Slight negative
BAJFINANCE,EQ,2017-05-19,1314.55,1324,1333.9,1265.55,1288,1289.15,1295.81,1167010,1512225878,32394,346261,29.67,2017,5,-1.932220151,Negative
BAJFINANCE,EQ,2017-05-22,1289.15,1299,1304,1237.35,1240,1242.15,1264.99,873873,1105443653,39772,391500,44.8,2017,5,-3.645813133,Among top losers
BAJFINANCE,EQ,2017-05-23,1242.15,1249.9,1265,1190.55,1230.7,1233.75,1231.01,1348383,1659867590,60446,466036,34.56,2017,5,-0.67624683,Slight negative
BAJFINANCE,EQ,2017-05-24,1233.75,1234,1254.9,1210,1225,1224.35,1231.39,787101,969230740.9,42989,266289,33.83,2017,5,-0.761904762,Slight negative
BAJFINANCE,EQ,2017-05-25,1224.35,1230,1268,1228.25,1263,1258.85,1250.15,905807,1132395407,38094,349445,38.58,2017,5,2.817821701,Positive
BAJFINANCE,EQ,2017-05-26,1258.85,1261.7,1326.7,1261.7,1314.85,1317.8,1305.26,1306793,1705701981,40302,456603,34.94,2017,5,4.682845454,Among top gainers
BAJFINANCE,EQ,2017-05-29,1317.8,1319.4,1333,1301.9,1309.95,1307.45,1318.58,652289,860093352.5,24119,192661,29.54,2017,5,-0.785399909,Slight negative
BAJFINANCE,EQ,2017-05-30,1307.45,1305.2,1324.9,1303.7,1322.35,1321.55,1317.44,513005,675851927.4,25635,204921,39.95,2017,5,1.078435122,Positive
BAJFINANCE,EQ,2017-05-31,1321.55,1323,1334.9,1316.1,1329.4,1326.95,1326.64,726284,963517605.6,42248,356399,49.07,2017,5,0.408611101,No change
BAJFINANCE,EQ,2017-06-01,1326.95,1334,1339,1320.25,1323.8,1327.35,1329.35,387968,515743856.4,12771,156031,40.22,2017,6,0.030144316,No change
BAJFINANCE,EQ,2017-06-02,1327.35,1332.4,1365,1318,1362,1361.25,1346.17,668081,899348743.7,21491,198882,29.77,2017,6,2.5539609,Positive
BAJFINANCE,EQ,2017-06-05,1361.25,1368.55,1372.65,1348.05,1361.75,1363.1,1361.85,570009,776267840.1,16609,161674,28.36,2017,6,0.1359045,No change
BAJFINANCE,EQ,2017-06-06,1363.1,1363.4,1367.9,1325,1333.65,1336.65,1342.1,601678,807514827.4,22461,242587,40.32,2017,6,-1.940429902,Negative
BAJFINANCE,EQ,2017-06-07,1336.65,1341.1,1360,1335.1,1341.3,1343.15,1346.68,550988,742007098,15482,219513,39.84,2017,6,0.486290353,No change
BAJFINANCE,EQ,2017-06-08,1343.15,1344.9,1372,1344.7,1360,1361.7,1360.76,570819,776748073.5,19214,220896,38.7,2017,6,1.381081785,Positive
BAJFINANCE,EQ,2017-06-09,1361.7,1358,1382,1343.7,1370,1376.85,1367.45,530582,725541900.2,23351,178831,33.7,2017,6,1.112579863,Positive
BAJFINANCE,EQ,2017-06-12,1376.85,1369.95,1383,1356.55,1369,1364.95,1367.4,370028,505978055.5,14815,103847,28.06,2017,6,-0.86429168,Slight negative
BAJFINANCE,EQ,2017-06-13,1364.95,1374,1380,1361,1362,1371.5,1373.62,435644,598410870.9,22238,190154,43.65,2017,6,0.479871058,No change
BAJFINANCE,EQ,2017-06-14,1371.5,1374.2,1375,1354,1360,1361,1365.29,634727,866584207.5,29134,339284,53.45,2017,6,-0.765585126,Slight negative
BAJFINANCE,EQ,2017-06-15,1361,1361.1,1413,1352.2,1409.3,1405.25,1386.17,1569774,2175971915,46282,740293,47.16,2017,6,3.251285819,Among top gainers
BAJFINANCE,EQ,2017-06-16,1405.25,1415,1424.85,1403.3,1406,1410.3,1415.04,824516,1166727045,36654,332550,40.33,2017,6,0.359366661,No change
BAJFINANCE,EQ,2017-06-19,1410.3,1405.2,1421.7,1395.6,1400.1,1399.85,1405.58,426223,599091881.1,20625,170557,40.02,2017,6,-0.740977097,Slight negative
BAJFINANCE,EQ,2017-06-20,1399.85,1407.7,1432.9,1395.05,1411.5,1409.6,1418.2,781161,1107841162,38166,294753,37.73,2017,6,0.696503197,Slight positive
BAJFINANCE,EQ,2017-06-21,1409.6,1404.8,1426,1401,1419.9,1416.65,1416.69,449181,636348673.3,23993,170175,37.89,2017,6,0.500141884,Slight positive
BAJFINANCE,EQ,2017-06-22,1416.65,1419,1427,1395.3,1400,1401.8,1410.93,477586,673842667.7,31890,240623,50.38,2017,6,-1.048247626,Negative
BAJFINANCE,EQ,2017-06-23,1401.8,1405,1415.5,1366,1400,1400.75,1391.87,620781,864045572.7,27030,213449,34.38,2017,6,-0.074903695,No change
BAJFINANCE,EQ,2017-06-27,1400.75,1400,1400,1336.75,1341,1349.95,1361.84,1053829,1435142569,37982,522564,49.59,2017,6,-3.626628592,Among top losers
BAJFINANCE,EQ,2017-06-28,1349.95,1341,1377,1313.9,1371,1372.35,1353.9,998218,1351490429,30259,430604,43.14,2017,6,1.659320716,Positive
BAJFINANCE,EQ,2017-06-29,1372.35,1379,1394.85,1366.5,1369.65,1376.3,1381.08,726869,1003865048,17813,296476,40.79,2017,6,0.287827449,No change
BAJFINANCE,EQ,2017-06-30,1376.3,1367.6,1380,1352.5,1373.55,1373.1,1364,496260,676901079.6,31246,216431,43.61,2017,6,-0.232507448,No change
BAJFINANCE,EQ,2017-07-03,1373.1,1380,1390,1366.5,1384,1387.15,1380.67,446514,616490664.5,18913,193216,43.27,2017,7,1.023232103,Positive
BAJFINANCE,EQ,2017-07-04,1387.15,1390,1408.75,1376.55,1378,1379.55,1388.07,704342,977677586.1,23191,350690,49.79,2017,7,-0.547885953,Slight negative
BAJFINANCE,EQ,2017-07-05,1379.55,1375,1407,1370.1,1399,1398.55,1391.6,643929,896093763.4,25001,298889,46.42,2017,7,1.377260701,Positive
BAJFINANCE,EQ,2017-07-06,1398.55,1398.9,1413.5,1392.35,1397.5,1399.3,1404.77,418130,587376329.2,25318,178634,42.72,2017,7,0.053626971,No change
BAJFINANCE,EQ,2017-07-07,1399.3,1398.5,1403.6,1387.4,1393,1391.7,1395.07,202005,281811710.3,8185,75611,37.43,2017,7,-0.543128707,Slight negative
BAJFINANCE,EQ,2017-07-10,1391.7,1451.55,1451.55,1395.1,1411.55,1412.8,1410.24,150018,211560811.1,3910,96462,64.3,2017,7,1.51613135,Positive
BAJFINANCE,EQ,2017-07-11,1412.8,1419.4,1431,1409.6,1422,1419.2,1422.27,665556,946603580.4,28991,319337,47.98,2017,7,0.453001133,No change
BAJFINANCE,EQ,2017-07-12,1419.2,1424.5,1452,1420,1452,1443.7,1435.9,654934,940419643,16957,308664,47.13,2017,7,1.72632469,Positive
BAJFINANCE,EQ,2017-07-13,1443.7,1452,1489.5,1450.9,1482.1,1485.9,1473.08,1011798,1490462163,45659,496745,49.1,2017,7,2.923044954,Positive
BAJFINANCE,EQ,2017-07-14,1485.9,1485,1508.65,1470.65,1495,1499.4,1488.5,570522,849222446,19927,262514,46.01,2017,7,0.908540279,Slight positive
BAJFINANCE,EQ,2017-07-17,1499.4,1504.95,1549.7,1488.05,1538.55,1538.5,1525.27,947006,1444438289,29590,327928,34.63,2017,7,2.607709751,Positive
BAJFINANCE,EQ,2017-07-18,1538.5,1537.95,1545.15,1507,1514.95,1512.35,1524.5,501708,764854066.7,24617,215197,42.89,2017,7,-1.699707507,Negative
BAJFINANCE,EQ,2017-07-19,1512.35,1519.65,1577.4,1515,1544,1541.85,1548.11,2655273,4110642035,92367,653995,24.63,2017,7,1.950606672,Positive
BAJFINANCE,EQ,2017-07-20,1541.85,1551,1608,1547.1,1587.25,1595.35,1587.31,2169635,3443890632,71082,733445,33.8,2017,7,3.469857639,Among top gainers
BAJFINANCE,EQ,2017-07-21,1595.35,1598.9,1631.5,1585,1623,1621.35,1613.88,1380541,2228031116,54293,459973,33.32,2017,7,1.629736421,Positive
BAJFINANCE,EQ,2017-07-24,1621.35,1633,1637.3,1587.95,1602,1597.4,1609.17,835475,1344419753,38922,320470,38.36,2017,7,-1.477164092,Negative
BAJFINANCE,EQ,2017-07-25,1597.4,1606.9,1632.9,1600,1632.7,1627.5,1621.22,813854,1319436780,35029,289558,35.58,2017,7,1.884312007,Positive
BAJFINANCE,EQ,2017-07-26,1627.5,1636,1695.75,1630,1691.15,1687.15,1665.45,1475906,2458050594,49277,490085,33.21,2017,7,3.665130568,Among top gainers
BAJFINANCE,EQ,2017-07-27,1687.15,1704,1739.8,1671.1,1673.9,1679.35,1709.8,1955562,3343620960,62265,565168,28.9,2017,7,-0.46231811,No change
BAJFINANCE,EQ,2017-07-28,1679.35,1672,1710.9,1662.55,1702.2,1701.35,1694.75,926268,1569796006,38831,231827,25.03,2017,7,1.310030667,Positive
BAJFINANCE,EQ,2017-07-31,1701.35,1718,1724,1697.6,1705.65,1703.1,1708.39,576928,985615846.1,23982,229995,39.87,2017,7,0.102859494,No change
BAJFINANCE,EQ,2017-08-01,1703.1,1709.9,1727.9,1706.05,1718,1716.25,1718.82,692591,1190439655,31158,307909,44.46,2017,8,0.772121426,Slight positive
BAJFINANCE,EQ,2017-08-02,1716.25,1724.95,1726.2,1691.1,1705,1707.2,1708.87,396171,677006159.4,16443,94058,23.74,2017,8,-0.527312454,Slight negative
BAJFINANCE,EQ,2017-08-03,1707.2,1714,1729,1698.05,1708,1701.75,1713.46,775709,1329143630,38229,345257,44.51,2017,8,-0.319236176,No change
BAJFINANCE,EQ,2017-08-04,1701.75,1704.9,1730,1701.05,1729.55,1723.45,1714.61,710636,1218461438,30960,328620,46.24,2017,8,1.275157926,Positive
BAJFINANCE,EQ,2017-08-07,1723.45,1735.5,1805.95,1729.6,1800,1798.15,1781.41,1504033,2679297945,45419,563718,37.48,2017,8,4.334329397,Among top gainers
BAJFINANCE,EQ,2017-08-08,1798.15,1813,1829.5,1772,1778,1779.8,1798.06,1761065,3166505882,52781,788011,44.75,2017,8,-1.020493285,Negative
BAJFINANCE,EQ,2017-08-09,1779.8,1769.9,1769.9,1682.55,1693,1697.7,1725.25,1899560,3277223611,55363,1150309,60.56,2017,8,-4.612877851,Among top losers
BAJFINANCE,EQ,2017-08-10,1697.7,1680,1689.9,1610.05,1650,1635.6,1655.57,1835002,3037977637,53350,1046613,57.04,2017,8,-3.657890087,Among top losers
BAJFINANCE,EQ,2017-08-11,1635.6,1590,1732.6,1590,1704.9,1695.4,1678.57,3505576,5884367717,71055,1489630,42.49,2017,8,3.656150648,Among top gainers
BAJFINANCE,EQ,2017-08-14,1695.4,1721.3,1742.35,1705,1717,1710.9,1718.56,1311855,2254500538,49700,678202,51.7,2017,8,0.914238528,Slight positive
BAJFINANCE,EQ,2017-08-16,1710.9,1730,1730,1683.2,1725,1721.35,1704.39,705754,1202879178,27125,233605,33.1,2017,8,0.610789643,Slight positive
BAJFINANCE,EQ,2017-08-17,1721.35,1730,1762.5,1720.5,1722,1728.75,1740.6,729269,1269367431,21925,165060,22.63,2017,8,0.42989514,No change
BAJFINANCE,EQ,2017-08-18,1728.75,1710,1722.9,1688.5,1701,1704.95,1705.49,932335,1590085129,52990,463361,49.7,2017,8,-1.376717281,Negative
BAJFINANCE,EQ,2017-08-21,1704.95,1704.95,1731,1678.55,1685.2,1690.6,1712.76,1090057,1867000637,38619,706412,64.81,2017,8,-0.841666911,Slight negative
BAJFINANCE,EQ,2017-08-22,1690.6,1708,1713.6,1662.55,1683,1682.9,1690.26,654334,1105993187,26671,181249,27.7,2017,8,-0.4554596,No change
BAJFINANCE,EQ,2017-08-23,1682.9,1695.9,1784.7,1695.9,1779,1779.3,1750.64,1825088,3195076773,63224,560673,30.72,2017,8,5.728207261,Among top gainers
BAJFINANCE,EQ,2017-08-24,1779.3,1791.4,1797.7,1752.8,1761.9,1760.1,1772.56,1324532,2347815322,38863,509761,38.49,2017,8,-1.079076041,Negative
BAJFINANCE,EQ,2017-08-28,1760.1,1773.5,1837.4,1767,1831,1829.95,1813.4,1347345,2443272982,51479,438245,32.53,2017,8,3.968524516,Among top gainers
BAJFINANCE,EQ,2017-08-29,1829.95,1835,1835,1762,1770,1773.4,1793,1482257,2657680345,49517,513073,34.61,2017,8,-3.090248367,Among top losers
BAJFINANCE,EQ,2017-08-30,1773.4,1798,1819.4,1777.05,1788,1788.05,1801.47,1064601,1917843415,32167,301971,28.36,2017,8,0.826096763,Slight positive
BAJFINANCE,EQ,2017-08-31,1788.05,1797.4,1805.7,1770,1790,1781.9,1787.47,1116765,1996186848,32145,568768,50.93,2017,8,-0.343950113,No change
BAJFINANCE,EQ,2017-09-01,1781.9,1790,1807,1790,1799.95,1799.95,1799.21,489396,880526551.2,19357,144505,29.53,2017,9,1.01296369,Positive
BAJFINANCE,EQ,2017-09-04,1799.95,1797.95,1820,1775.55,1801,1801.35,1798.73,658965,1185298372,25495,132434,20.1,2017,9,0.077779938,No change
BAJFINANCE,EQ,2017-09-05,1801.35,1809.85,1815.3,1784.55,1793,1794.4,1798.68,741229,1333236272,30165,269209,36.32,2017,9,-0.385821745,No change
BAJFINANCE,EQ,2017-09-06,1794.4,1782,1883,1777.7,1859.7,1858.95,1845.35,2742892,5061604599,66627,683408,24.92,2017,9,3.59730272,Among top gainers
BAJFINANCE,EQ,2017-09-07,1858.95,1880,1985.9,1871.15,1963,1963.2,1927.47,4271734,8233649354,88541,1597886,37.41,2017,9,5.608004519,Among top gainers
BAJFINANCE,EQ,2017-09-08,1963.2,1970,1974.95,1881,1888,1891.2,1912.28,2856329,5462110854,97619,874438,30.61,2017,9,-3.667481663,Among top losers
BAJFINANCE,EQ,2017-09-11,1891.2,1900,1935.45,1898.05,1921.3,1920.45,1921.36,1098804,2111197299,35104,258097,23.49,2017,9,1.546637056,Positive
BAJFINANCE,EQ,2017-09-12,1920.45,1935,1935,1886.6,1894,1894.4,1897.68,1473997,2797173472,36080,777639,52.76,2017,9,-1.356452915,Negative
BAJFINANCE,EQ,2017-09-13,1894.4,1895,1924.7,1895,1910.6,1907.15,1911.94,810810,1550220895,27216,282546,34.85,2017,9,0.673036318,Slight positive
BAJFINANCE,EQ,2017-09-14,1907.15,1913,1935.5,1901,1913.9,1909.9,1916.61,951870,1824360919,37832,322852,33.92,2017,9,0.144194217,No change
BAJFINANCE,EQ,2017-09-15,1909.9,1895.6,1912.1,1881.4,1903.55,1902.75,1897.94,922149,1750185270,37374,318560,34.55,2017,9,-0.37436515,No change
BAJFINANCE,EQ,2017-09-18,1902.75,1916,1929.25,1906.6,1912.5,1911.65,1918.61,430947,826819504.3,16318,180792,41.95,2017,9,0.467744055,No change
BAJFINANCE,EQ,2017-09-19,1911.65,1924.1,1928.7,1904.05,1912,1911.8,1916.78,598020,1146272073,22194,253830,42.45,2017,9,0.007846625,No change
BAJFINANCE,EQ,2017-09-20,1911.8,1918.8,1918.85,1900,1904.5,1904.9,1907.55,377551,720198208.9,20822,145930,38.65,2017,9,-0.360916414,No change
BAJFINANCE,EQ,2017-09-21,1904.9,1908,1926,1871.55,1916.6,1919.5,1900.63,754880,1434748303,32860,244885,32.44,2017,9,0.766444433,Slight positive
BAJFINANCE,EQ,2017-09-22,1919.5,1910,1910,1847,1858,1863.15,1868.15,1772943,3312125707,72997,926222,52.24,2017,9,-2.935660328,Negative
BAJFINANCE,EQ,2017-09-25,1863.15,1859.95,1859.95,1759,1799.7,1796,1802.04,1826884,3292126622,67330,838025,45.87,2017,9,-3.604111317,Among top losers
BAJFINANCE,EQ,2017-09-26,1796,1796,1862.8,1780.95,1839,1840.1,1819.82,1044947,1901610946,35310,221426,21.19,2017,9,2.45545657,Positive
BAJFINANCE,EQ,2017-09-27,1840.1,1859,1859,1795.25,1808.2,1806.75,1820.25,764148,1390939693,28133,178509,23.36,2017,9,-1.8124015,Negative
BAJFINANCE,EQ,2017-09-28,1806.75,1817,1855,1791,1840.2,1842.85,1836.41,3925555,7208934248,62434,2845520,72.49,2017,9,1.99806282,Positive
BAJFINANCE,EQ,2017-09-29,1842.85,1857.95,1875,1830.35,1836.1,1838.05,1857.6,1216964,2260636381,48509,384644,31.61,2017,9,-0.260466126,No change
BAJFINANCE,EQ,2017-10-03,1838.05,1860,1873.5,1831.7,1872.95,1867.8,1856.41,975293,1810539250,33905,535047,54.86,2017,10,1.618563151,Positive
BAJFINANCE,EQ,2017-10-04,1867.8,1879.95,1879.95,1852,1862,1862.65,1863.91,538069,1002910578,23734,169438,31.49,2017,10,-0.275725452,No change
BAJFINANCE,EQ,2017-10-05,1862.65,1865,1885.5,1855.4,1867,1866.2,1872.35,398463,746062275.8,18446,88363,22.18,2017,10,0.190588677,No change
BAJFINANCE,EQ,2017-10-06,1866.2,1880,1934.55,1868.4,1926,1923.6,1906.7,1227615,2340687927,31737,293154,23.88,2017,10,3.075768942,Among top gainers
BAJFINANCE,EQ,2017-10-09,1923.6,1928,1954,1916,1940.5,1941.3,1938.19,999574,1937362471,35652,314837,31.5,2017,10,0.920149719,Slight positive
BAJFINANCE,EQ,2017-10-10,1941.3,1944,1959.4,1943,1949.75,1950.8,1950.94,517117,1008863606,20493,158575,30.67,2017,10,0.489362798,No change
BAJFINANCE,EQ,2017-10-11,1950.8,1967,1967,1901.95,1922.85,1923.55,1933.33,726978,1405488999,28265,277413,38.16,2017,10,-1.396862826,Negative
BAJFINANCE,EQ,2017-10-12,1923.55,1940,1957.75,1923,1953,1953.15,1939.04,1019350,1976564299,20123,604957,59.35,2017,10,1.53882145,Positive
BAJFINANCE,EQ,2017-10-13,1953.15,1955.1,1973.7,1948.45,1953,1953.05,1955.5,849832,1661844703,26474,460159,54.15,2017,10,-0.005119934,No change
BAJFINANCE,EQ,2017-10-16,1953.05,1966,1967,1875.35,1882.45,1886.3,1920.54,2652753,5094715937,78653,1341251,50.56,2017,10,-3.417731241,Among top losers
BAJFINANCE,EQ,2017-10-17,1886.3,1880.25,1902,1856.4,1872,1867.1,1879.04,1782421,3349239353,55613,604632,33.92,2017,10,-1.017865663,Negative
BAJFINANCE,EQ,2017-10-18,1867.1,1870,1884,1848.65,1872.9,1868.5,1867.98,710046,1326354711,31751,262659,36.99,2017,10,0.074982593,No change
BAJFINANCE,EQ,2017-10-19,1868.5,1872.8,1872.8,1832,1839.25,1845.9,1854.36,169845,314953117.5,6851,74078,43.62,2017,10,-1.209526358,Negative
BAJFINANCE,EQ,2017-10-23,1845.9,1845,1856.9,1812.2,1836.4,1833.75,1832.25,1011137,1852659365,28835,468621,46.35,2017,10,-0.658215505,Slight negative
BAJFINANCE,EQ,2017-10-24,1833.75,1848,1848,1816,1826,1826.05,1828.03,929872,1699829366,32263,527972,56.78,2017,10,-0.419904567,No change
BAJFINANCE,EQ,2017-10-25,1826.05,1820,1820,1713.55,1731.9,1726.35,1747.97,2865279,5008421484,78688,1674601,58.44,2017,10,-5.459872402,Among top losers
BAJFINANCE,EQ,2017-10-26,1726.35,1739,1766,1700.1,1754.1,1746.75,1742.35,1641262,2859656615,54063,717540,43.72,2017,10,1.1816839,Positive
BAJFINANCE,EQ,2017-10-27,1746.75,1760.05,1828.65,1752.45,1823.5,1819,1803.07,1656079,2986020937,40849,767329,46.33,2017,10,4.136253041,Among top gainers
BAJFINANCE,EQ,2017-10-30,1819,1832,1836.25,1797.8,1804.3,1804.3,1812.83,563901,1022259449,18534,196030,34.76,2017,10,-0.808136339,Slight negative
BAJFINANCE,EQ,2017-10-31,1804.3,1787,1824.05,1774.55,1800.2,1800.6,1800.2,764883,1376943974,26964,251068,32.82,2017,10,-0.205065676,No change
BAJFINANCE,EQ,2017-11-01,1800.6,1809.6,1819.7,1801,1804.15,1806.75,1809.47,468999,848640264.3,13867,176030,37.53,2017,11,0.341552816,No change
BAJFINANCE,EQ,2017-11-02,1806.75,1815,1821.9,1802,1810,1810.2,1810.78,458603,830428226.3,17854,214936,46.87,2017,11,0.190950602,No change
BAJFINANCE,EQ,2017-11-03,1810.2,1825,1845,1808.4,1833.65,1836.95,1827.91,769995,1407480453,27818,377379,49.01,2017,11,1.477737267,Positive
BAJFINANCE,EQ,2017-11-06,1836.95,1818,1844.9,1811.8,1816.15,1822,1831.05,583097,1067680073,19471,295547,50.69,2017,11,-0.813849043,Slight negative
BAJFINANCE,EQ,2017-11-07,1822,1848,1848,1773.3,1798.85,1802.55,1797.15,769590,1383071434,23907,313648,40.76,2017,11,-1.067508233,Negative
BAJFINANCE,EQ,2017-11-08,1802.55,1794.55,1804.9,1771.55,1782.45,1775.7,1785,549567,980975086.5,38151,279238,50.81,2017,11,-1.489556462,Negative
BAJFINANCE,EQ,2017-11-09,1775.7,1787.05,1793.4,1733,1753,1753,1757.93,866349,1522982760,37793,426981,49.29,2017,11,-1.278369094,Negative
BAJFINANCE,EQ,2017-11-10,1753,1731.1,1769,1731.1,1741,1745,1751.56,805954,1411677149,26854,447049,55.47,2017,11,-0.456360525,No change
BAJFINANCE,EQ,2017-11-13,1745,1759.95,1759.95,1718.5,1728,1728.75,1736.25,544530,945441622.5,36384,279343,51.3,2017,11,-0.931232092,Slight negative
BAJFINANCE,EQ,2017-11-14,1728.75,1731,1769.9,1720.2,1752,1754.9,1744.76,633554,1105398441,29951,193953,30.61,2017,11,1.512653651,Positive
BAJFINANCE,EQ,2017-11-15,1754.9,1762.1,1763.95,1707.05,1719,1713.8,1721.57,926465,1594969946,50982,458440,49.48,2017,11,-2.34201379,Negative
BAJFINANCE,EQ,2017-11-16,1713.8,1725,1780.2,1716.5,1777.75,1764.25,1742.16,901089,1569844848,36679,472597,52.45,2017,11,2.943750729,Positive
BAJFINANCE,EQ,2017-11-17,1764.25,1790,1817,1778.1,1780,1787.35,1796.68,943939,1695955573,34004,392311,41.56,2017,11,1.309338246,Positive
BAJFINANCE,EQ,2017-11-20,1787.35,1786.8,1807.5,1770.05,1805,1805.25,1795.2,602115,1080918085,28187,307818,51.12,2017,11,1.001482642,Positive
BAJFINANCE,EQ,2017-11-21,1805.25,1819,1822.75,1791.25,1807.8,1809.75,1809.44,495585,896730711.8,31788,244765,49.39,2017,11,0.249272954,No change
BAJFINANCE,EQ,2017-11-22,1809.75,1816.7,1816.7,1768.55,1773.8,1773.95,1777.15,738204,1311896228,38573,457817,62.02,2017,11,-1.978173781,Negative
BAJFINANCE,EQ,2017-11-23,1773.95,1777,1782.45,1747,1762.6,1763.65,1764.01,587412,1036202227,21004,280029,47.67,2017,11,-0.580625159,Slight negative
BAJFINANCE,EQ,2017-11-24,1763.65,1773,1798.3,1764,1785.1,1790,1787.18,572947,1023960777,25011,199726,34.86,2017,11,1.494060613,Positive
BAJFINANCE,EQ,2017-11-27,1790,1780,1784.3,1765,1772,1773.25,1773.47,573099,1016371803,20175,269114,46.96,2017,11,-0.93575419,Slight negative
BAJFINANCE,EQ,2017-11-28,1773.25,1772,1783.95,1762.5,1764.4,1766.4,1772.84,552962,980314318.4,24523,272475,49.28,2017,11,-0.386296349,No change
BAJFINANCE,EQ,2017-11-29,1766.4,1765,1777.95,1751,1755.4,1756.3,1760.9,687118,1209947268,21895,400782,58.33,2017,11,-0.57178442,Slight negative
BAJFINANCE,EQ,2017-11-30,1756.3,1754.85,1759.4,1722.35,1734.75,1727.05,1732.98,1304556,2260771042,30256,945414,72.47,2017,11,-1.665433013,Negative
BAJFINANCE,EQ,2017-12-01,1727.05,1737,1741.8,1705.3,1708,1711.6,1727.03,601822,1039361927,21368,302933,50.34,2017,12,-0.894589039,Slight negative
BAJFINANCE,EQ,2017-12-04,1711.6,1724,1724,1670.15,1675.8,1675.95,1682.06,802041,1349080082,40300,392675,48.96,2017,12,-2.082846459,Negative
BAJFINANCE,EQ,2017-12-05,1675.95,1675.95,1719,1661.05,1710,1707.4,1685.62,1109920,1870905926,44648,508540,45.82,2017,12,1.87654763,Positive
BAJFINANCE,EQ,2017-12-06,1707.4,1699.95,1714.9,1662.5,1674.95,1671.45,1682.6,933213,1570221451,48497,416557,44.64,2017,12,-2.105540588,Negative
BAJFINANCE,EQ,2017-12-07,1671.45,1685,1690.15,1661,1672,1676.3,1678.22,986167,1655007023,33701,545539,55.32,2017,12,0.29016722,No change
BAJFINANCE,EQ,2017-12-08,1676.3,1685,1708.2,1683.3,1706,1702.25,1698.19,767714,1303727658,34736,363165,47.3,2017,12,1.548052258,Positive
BAJFINANCE,EQ,2017-12-11,1702.25,1710,1720,1690.2,1708.95,1707.8,1706.63,616189,1051605380,32044,244995,39.76,2017,12,0.326039066,No change
BAJFINANCE,EQ,2017-12-12,1707.8,1705,1716,1690.1,1696.9,1699.25,1701.26,1051828,1789435910,26068,287433,27.33,2017,12,-0.500644104,Slight negative
BAJFINANCE,EQ,2017-12-13,1699.25,1694.75,1700.75,1661,1670,1671.8,1682.1,932378,1568349863,56437,437203,46.89,2017,12,-1.615418567,Negative
BAJFINANCE,EQ,2017-12-14,1671.8,1675,1698.9,1627.05,1692.5,1685.85,1656.79,1257072,2082704543,62443,509538,40.53,2017,12,0.840411532,Slight positive
BAJFINANCE,EQ,2017-12-15,1685.85,1700,1739.7,1692,1725,1729.6,1715.37,1507279,2585543229,46769,891481,59.15,2017,12,2.595130053,Positive
BAJFINANCE,EQ,2017-12-18,1729.6,1726,1773,1653.2,1754.9,1756.85,1746.21,1630170,2846622433,47529,704794,43.23,2017,12,1.575508788,Positive
BAJFINANCE,EQ,2017-12-19,1756.85,1766,1770.85,1739.05,1760.05,1757.75,1752.46,707467,1239809731,36199,287209,40.6,2017,12,0.05122805,No change
BAJFINANCE,EQ,2017-12-20,1757.75,1765,1785,1750,1770,1770.4,1770.77,957893,1696209301,39132,499255,52.12,2017,12,0.719670033,Slight positive
BAJFINANCE,EQ,2017-12-21,1770.4,1774.95,1774.95,1743.35,1755.5,1748.05,1754.27,896398,1572523191,32656,522823,58.32,2017,12,-1.26242657,Negative
BAJFINANCE,EQ,2017-12-22,1748.05,1756,1788.4,1750,1776.05,1782.45,1773.75,662716,1175495327,28292,228279,34.45,2017,12,1.967907096,Positive
BAJFINANCE,EQ,2017-12-26,1782.45,1784.7,1795,1774.2,1788,1789.5,1787.1,494224,883226060.6,18280,200663,40.6,2017,12,0.395523016,No change
BAJFINANCE,EQ,2017-12-27,1789.5,1797.2,1797.6,1762,1768.9,1770.95,1783.43,450413,803278246,15715,151100,33.55,2017,12,-1.036602403,Negative
BAJFINANCE,EQ,2017-12-28,1770.95,1780,1782,1745.5,1749,1755.15,1764.13,886376,1563684260,26893,522092,58.9,2017,12,-0.892176515,Slight negative
BAJFINANCE,EQ,2017-12-29,1755.15,1749.25,1765.9,1748.15,1760,1756.7,1757.61,447507,786541698.3,33248,233063,52.08,2017,12,0.08831154,No change
BAJFINANCE,EQ,2018-01-01,1756.7,1759.5,1760,1720.4,1733.85,1725.65,1735.49,535319,929040050.6,15343,287325,53.67,2018,1,-1.767518643,Negative
BAJFINANCE,EQ,2018-01-02,1725.65,1739.7,1739.7,1710,1722,1724.65,1724.04,576208,993408074.9,18519,233227,40.48,2018,1,-0.057949179,No change
BAJFINANCE,EQ,2018-01-03,1724.65,1727,1738.35,1711,1714.55,1715.3,1721.42,416136,716343469.1,23599,233552,56.12,2018,1,-0.542138985,Slight negative
BAJFINANCE,EQ,2018-01-04,1715.3,1725,1758.25,1714,1753.3,1754,1739.42,730147,1270035644,38646,377452,51.7,2018,1,2.256165102,Positive
BAJFINANCE,EQ,2018-01-05,1754,1766,1821,1759.1,1818,1814.5,1788.55,984327,1760513192,34458,422411,42.91,2018,1,3.449258837,Among top gainers
BAJFINANCE,EQ,2018-01-08,1814.5,1820,1843,1820,1833.1,1836.85,1833.42,825022,1512610921,53313,398084,48.25,2018,1,1.231744282,Positive
BAJFINANCE,EQ,2018-01-09,1836.85,1843,1843,1810,1810,1819.5,1826.33,512721,936395931.9,20923,202823,39.56,2018,1,-0.944551814,Slight negative
BAJFINANCE,EQ,2018-01-10,1819.5,1820,1820.95,1794,1800,1802.2,1803.52,406791,733656315.8,25341,164009,40.32,2018,1,-0.950810662,Slight negative
BAJFINANCE,EQ,2018-01-11,1802.2,1798,1798,1773.05,1780.9,1780.35,1784.12,818471,1460250799,34719,567851,69.38,2018,1,-1.212407058,Negative
BAJFINANCE,EQ,2018-01-12,1780.35,1783,1790.9,1751.15,1764.2,1770.1,1775.26,606316,1076365892,30809,283428,46.75,2018,1,-0.575729491,Slight negative
BAJFINANCE,EQ,2018-01-15,1770.1,1771,1794.9,1733,1737,1738.15,1758.11,847037,1489187325,33803,470863,55.59,2018,1,-1.804982769,Negative
BAJFINANCE,EQ,2018-01-16,1738.15,1745.8,1745.8,1684.6,1692,1687.35,1702.13,1076581,1832481398,50248,573521,53.27,2018,1,-2.922647643,Negative
BAJFINANCE,EQ,2018-01-17,1687.35,1695.1,1709.85,1665.7,1701.2,1701.2,1688.89,1199501,2025820719,57848,719106,59.95,2018,1,0.820813702,Slight positive
BAJFINANCE,EQ,2018-01-18,1701.2,1712,1717.25,1654,1655.05,1660.7,1678.87,961692,1614557545,53475,545469,56.72,2018,1,-2.380672466,Negative
BAJFINANCE,EQ,2018-01-19,1660.7,1660.9,1711.25,1632.6,1706,1701.9,1676.09,974597,1633515523,40611,396529,40.69,2018,1,2.480881556,Positive
BAJFINANCE,EQ,2018-01-22,1701.9,1714,1726,1678,1709.5,1706.35,1703.41,924498,1574800275,35237,413117,44.69,2018,1,0.261472472,No change
BAJFINANCE,EQ,2018-01-23,1706.35,1710,1718,1692.4,1711,1708.7,1704.03,1245493,2122354347,63364,744737,59.79,2018,1,0.137720866,No change
BAJFINANCE,EQ,2018-01-24,1708.7,1715,1746.85,1697.05,1739.75,1739.15,1732.5,1441313,2497070069,52165,685781,47.58,2018,1,1.782056534,Positive
BAJFINANCE,EQ,2018-01-25,1739.15,1741,1741.9,1703.4,1714,1710.3,1715.96,880891,1511573762,35833,446697,50.71,2018,1,-1.658856338,Negative
BAJFINANCE,EQ,2018-01-29,1710.3,1711,1735.25,1710,1719.65,1715.3,1719.91,643137,1106134895,28619,341533,53.1,2018,1,0.292346372,No change
BAJFINANCE,EQ,2018-01-30,1715.3,1715,1718.95,1671,1677,1678.4,1695.08,680104,1152829763,35443,369979,54.4,2018,1,-2.151227191,Negative
BAJFINANCE,EQ,2018-01-31,1678.4,1657.45,1690,1645,1677,1677.85,1664.18,1332225,2217057499,58047,762284,57.22,2018,1,-0.032769304,No change
BAJFINANCE,EQ,2018-02-01,1677.85,1681.8,1760,1644.75,1742.9,1729.45,1703.43,1939812,3304341337,57513,897589,46.27,2018,2,3.075364306,Among top gainers
BAJFINANCE,EQ,2018-02-02,1729.45,1708.05,1713,1620.2,1632.9,1628.9,1653.97,1645045,2720851310,63311,732562,44.53,2018,2,-5.813987106,Among top losers
BAJFINANCE,EQ,2018-02-05,1628.9,1600,1627.95,1546.5,1615,1604.95,1589.91,1472164,2340612552,53212,620791,42.17,2018,2,-1.470317392,Negative
BAJFINANCE,EQ,2018-02-06,1604.95,1530,1683.75,1511.2,1666,1662.15,1607.5,2109416,3390882510,64905,881144,41.77,2018,2,3.563973956,Among top gainers
BAJFINANCE,EQ,2018-02-07,1662.15,1680,1687,1620.6,1631,1641.65,1653.38,1466983,2425480979,40074,342529,23.35,2018,2,-1.233342358,Negative
BAJFINANCE,EQ,2018-02-08,1641.65,1654,1679,1638.05,1655,1662.15,1661.81,750746,1247597462,27106,255959,34.09,2018,2,1.248743642,Positive
BAJFINANCE,EQ,2018-02-09,1662.15,1629.05,1655,1617.3,1638.55,1639.4,1641.4,703720,1155083376,33226,238294,33.86,2018,2,-1.368709202,Negative
BAJFINANCE,EQ,2018-02-12,1639.4,1645,1656,1635.3,1642,1643.8,1647.68,472115,777896104.9,24997,150273,31.83,2018,2,0.268390875,No change
BAJFINANCE,EQ,2018-02-14,1643.8,1654,1696.95,1651.55,1664,1669.95,1679.72,1066036,1790646251,52988,356774,33.47,2018,2,1.590826135,Positive
BAJFINANCE,EQ,2018-02-15,1669.95,1678.8,1711.85,1601.8,1679,1677.05,1683.78,1177116,1982003883,40409,254043,21.58,2018,2,0.42516243,No change
BAJFINANCE,EQ,2018-02-16,1677.05,1690,1703.95,1671.55,1672.5,1675.25,1686.57,947685,1598333401,31802,439846,46.41,2018,2,-0.107331326,No change
BAJFINANCE,EQ,2018-02-19,1675.25,1675,1675,1623.55,1645.05,1642.7,1643.11,695310,1142473891,31155,251458,36.16,2018,2,-1.942993583,Negative
BAJFINANCE,EQ,2018-02-20,1642.7,1654.85,1657.7,1626,1626,1638.75,1642.29,583955,959021259.4,24082,210628,36.07,2018,2,-0.240457783,No change
BAJFINANCE,EQ,2018-02-21,1638.75,1658,1658,1587.3,1600,1596.45,1602.99,1689744,2708650437,65333,934539,55.31,2018,2,-2.581235698,Negative
BAJFINANCE,EQ,2018-02-22,1596.45,1588,1617.5,1576.45,1601,1600.35,1598.81,1050625,1679752970,39414,469633,44.7,2018,2,0.244292023,No change
BAJFINANCE,EQ,2018-02-23,1600.35,1606.8,1638,1602.35,1630,1633.4,1623.54,711474,1155106936,26095,354665,49.85,2018,2,2.065173243,Positive
BAJFINANCE,EQ,2018-02-26,1633.4,1640,1679.8,1636.5,1674,1674.95,1657.34,1036659,1718092508,45237,622443,60.04,2018,2,2.543773724,Positive
BAJFINANCE,EQ,2018-02-27,1674.95,1676,1679.95,1651,1652.15,1656.8,1660.67,605244,1005108217,31038,298400,49.3,2018,2,-1.083614436,Negative
BAJFINANCE,EQ,2018-02-28,1656.8,1644,1659.6,1629,1632.5,1640.25,1645.57,1756349,2890186920,84795,1188877,67.69,2018,2,-0.998913568,Slight negative
BAJFINANCE,EQ,2018-03-01,1640.25,1635,1666,1628,1658.45,1659.35,1652.22,1238390,2046088200,59500,688149,55.57,2018,3,1.164456638,Positive
BAJFINANCE,EQ,2018-03-05,1659.35,1660,1660,1621,1631.95,1636.95,1633.83,743779,1215209321,50523,379212,50.98,2018,3,-1.349926176,Negative
BAJFINANCE,EQ,2018-03-06,1636.95,1655,1671.85,1627.6,1628.75,1637.75,1652.31,944176,1560069889,36068,402338,42.61,2018,3,0.048871377,No change
BAJFINANCE,EQ,2018-03-07,1637.75,1641,1648.65,1606,1624.25,1618.35,1627.87,644577,1049287801,25333,257592,39.96,2018,3,-1.184551977,Negative
BAJFINANCE,EQ,2018-03-08,1618.35,1634.95,1637.9,1594.2,1628,1628.05,1617.85,663196,1072948751,29042,246663,37.19,2018,3,0.599375908,Slight positive
BAJFINANCE,EQ,2018-03-09,1628.05,1635,1667.2,1616.45,1657.9,1654.2,1654.53,839718,1389336714,29095,369681,44.02,2018,3,1.606216025,Positive
BAJFINANCE,EQ,2018-03-12,1654.2,1663,1681.9,1655.05,1664.5,1665.25,1665.45,486187,809721851.6,19018,217543,44.74,2018,3,0.667996615,Slight positive
BAJFINANCE,EQ,2018-03-13,1665.25,1665.5,1698.85,1663.6,1681,1680.7,1685.13,820802,1383160629,29990,278452,33.92,2018,3,0.92778862,Slight positive
BAJFINANCE,EQ,2018-03-14,1680.7,1672,1720.9,1668.25,1719,1710.1,1686.47,848659,1431239980,30033,466358,54.95,2018,3,1.749271137,Positive
BAJFINANCE,EQ,2018-03-15,1710.1,1715.1,1739.9,1714,1722.5,1726.25,1729.03,739187,1278074181,33108,280288,37.92,2018,3,0.944389217,Slight positive
BAJFINANCE,EQ,2018-03-16,1726.25,1712,1724.65,1681.05,1692,1687.9,1698.56,1017699,1728627616,48330,649239,63.79,2018,3,-2.221578566,Negative
BAJFINANCE,EQ,2018-03-19,1687.9,1698.9,1698.9,1627,1628,1631.85,1649.23,848984,1400168482,33762,431459,50.82,2018,3,-3.320694354,Among top losers
BAJFINANCE,EQ,2018-03-20,1631.85,1627,1663.1,1615.2,1661.9,1657.3,1641.54,1318758,2164797489,36197,658564,49.94,2018,3,1.559579618,Positive
BAJFINANCE,EQ,2018-03-21,1657.3,1674.5,1712,1665.5,1699.6,1704.55,1691.58,1131098,1913340093,41765,556969,49.24,2018,3,2.851022748,Positive
BAJFINANCE,EQ,2018-03-22,1704.55,1708,1720,1690.15,1691.2,1695.6,1706.55,1153716,1968873843,49676,603194,52.28,2018,3,-0.525065266,Slight negative
BAJFINANCE,EQ,2018-03-23,1695.6,1655,1695,1655,1686.15,1685.3,1682.47,1088426,1831240515,68840,630768,57.95,2018,3,-0.607454588,Slight negative
BAJFINANCE,EQ,2018-03-26,1685.3,1698.9,1748,1686,1744.45,1741.6,1722.91,1288984,2220806503,48148,536370,41.61,2018,3,3.340651516,Among top gainers
BAJFINANCE,EQ,2018-03-27,1741.6,1750,1798,1749.8,1775.8,1772.45,1779.09,1670239,2971503033,81069,778826,46.63,2018,3,1.771359669,Positive
BAJFINANCE,EQ,2018-03-28,1772.45,1777,1793,1760.8,1772.8,1767.55,1779.05,986960,1755848218,39469,388723,39.39,2018,3,-0.276453497,No change
BAJFINANCE,EQ,2018-04-02,1767.55,1769,1825,1769,1824.7,1818.6,1801.28,633203,1140577884,31334,224041,35.38,2018,4,2.888178552,Positive
BAJFINANCE,EQ,2018-04-03,1818.6,1820,1840,1801.6,1831.75,1834.25,1824.02,1049457,1914231754,41549,460658,43.89,2018,4,0.860552073,Slight positive
BAJFINANCE,EQ,2018-04-04,1834.25,1840,1869.6,1836.7,1847,1850.2,1853.68,1793441,3324467952,54366,984526,54.9,2018,4,0.869565217,Slight positive
BAJFINANCE,EQ,2018-04-05,1850.2,1866,1922.1,1866,1914,1915.6,1908.42,1385959,2644986246,45034,627993,45.31,2018,4,3.534753,Among top gainers
BAJFINANCE,EQ,2018-04-06,1915.6,1919,1943.5,1908.85,1939,1937.6,1932.1,1612001,3114552244,39635,820004,50.87,2018,4,1.148465233,Positive
BAJFINANCE,EQ,2018-04-09,1937.6,1942.6,1967.75,1930.25,1937.95,1944.25,1950.92,1131792,2208031475,42612,678381,59.94,2018,4,0.343208092,No change
BAJFINANCE,EQ,2018-04-10,1944.25,1950,1952.45,1913.65,1922,1926.05,1929.85,1013811,1956506071,30907,424099,41.83,2018,4,-0.936093609,Slight negative
BAJFINANCE,EQ,2018-04-11,1926.05,1926,1955,1891.4,1918,1924.65,1920.01,1188976,2282845563,30665,643772,54.15,2018,4,-0.072687625,No change
BAJFINANCE,EQ,2018-04-12,1924.65,1923.75,1942.1,1911.05,1927.5,1929.35,1929.76,535354,1033103514,17619,173674,32.44,2018,4,0.244200244,No change
BAJFINANCE,EQ,2018-04-13,1929.35,1931,1948.85,1907.6,1918.8,1914.35,1923.62,592886,1140487365,25466,224479,37.86,2018,4,-0.777463913,Slight negative
BAJFINANCE,EQ,2018-04-16,1914.35,1913.95,1950,1897.55,1949,1943.3,1924.64,772723,1487216896,27211,424202,54.9,2018,4,1.512262648,Positive
BAJFINANCE,EQ,2018-04-17,1943.3,1959.9,1959.9,1918,1935,1935.05,1935.99,696203,1347840634,40737,315697,45.35,2018,4,-0.424535584,No change
BAJFINANCE,EQ,2018-04-18,1935.05,1946,1950.55,1921.3,1927.15,1926.85,1934.24,462905,895368377.6,20106,164409,35.52,2018,4,-0.42376166,No change
BAJFINANCE,EQ,2018-04-19,1926.85,1935,1935.5,1908.15,1910.55,1913.3,1917.66,632589,1213089277,19337,373158,58.99,2018,4,-0.703220282,Slight negative
BAJFINANCE,EQ,2018-04-20,1913.3,1907.8,1907.8,1850.15,1881,1880.4,1868.16,1226196,2290734255,44935,677076,55.22,2018,4,-1.719542152,Negative
BAJFINANCE,EQ,2018-04-23,1880.4,1880,1919.75,1860.8,1899,1899.35,1892.15,762125,1442053158,48306,332162,43.58,2018,4,1.007764305,Positive
BAJFINANCE,EQ,2018-04-24,1899.35,1908,1933.25,1898.6,1926,1917.8,1916.44,784895,1504206020,28384,353709,45.06,2018,4,0.971384947,Slight positive
BAJFINANCE,EQ,2018-04-25,1917.8,1925.95,1938.95,1888.65,1900,1899.85,1914.96,677675,1297718402,21972,261181,38.54,2018,4,-0.935968297,Slight negative
BAJFINANCE,EQ,2018-04-26,1899.85,1909,1915,1876.6,1907,1892.1,1894.52,1098339,2080828330,35027,606882,55.25,2018,4,-0.407926942,No change
BAJFINANCE,EQ,2018-04-27,1892.1,1912,1915.45,1892.5,1903,1901.15,1902.29,641591,1220492858,15951,337174,52.55,2018,4,0.478304529,No change
BAJFINANCE,EQ,2018-04-30,1901.15,1924.9,1924.9,1894.8,1904.8,1907.7,1909.05,647210,1235557150,21509,432836,66.88,2018,4,0.344528312,No change
BAJFINANCE,EQ,2018-05-02,1907.7,1909,1936.75,1900,1903.1,1905.1,1920.59,687083,1319606919,26841,333162,48.49,2018,5,-0.136289773,No change
BAJFINANCE,EQ,2018-05-03,1905.1,1905.05,1906.75,1862.6,1879,1874.3,1881.92,471750,887794298,18379,243376,51.59,2018,5,-1.616713033,Negative
BAJFINANCE,EQ,2018-05-04,1874.3,1880,1893.25,1851.65,1866,1857.4,1869.59,562177,1051038743,18917,352862,62.77,2018,5,-0.901669957,Slight negative
BAJFINANCE,EQ,2018-05-07,1857.4,1865,1902,1856.05,1892,1895.45,1882.65,485519,914060624.9,20023,286493,59.01,2018,5,2.048562507,Positive
BAJFINANCE,EQ,2018-05-08,1895.45,1898.5,1898.5,1860,1875,1868.4,1873.63,669757,1254877126,35657,406051,60.63,2018,5,-1.427101744,Negative
BAJFINANCE,EQ,2018-05-09,1868.4,1875.1,1875.1,1845,1848,1849.1,1854.12,645553,1196932029,31073,449374,69.61,2018,5,-1.032969386,Negative
BAJFINANCE,EQ,2018-05-10,1849.1,1852,1861.45,1818,1836,1837.4,1836.31,588792,1081202662,20825,316490,53.75,2018,5,-0.632740252,Slight negative
BAJFINANCE,EQ,2018-05-11,1837.4,1845,1880.75,1828.1,1855,1861.5,1865.82,483249,901653615.3,16335,147881,30.6,2018,5,1.311636007,Positive
BAJFINANCE,EQ,2018-05-14,1861.5,1863.1,1883.95,1842.95,1856.7,1864.5,1865.99,642971,1199775599,23366,387420,60.25,2018,5,0.161160355,No change
BAJFINANCE,EQ,2018-05-15,1864.5,1865.25,1933.5,1854.5,1900,1901.95,1905.25,1570302,2991814700,59690,628260,40.01,2018,5,2.008581389,Positive
BAJFINANCE,EQ,2018-05-16,1901.95,1892.5,1929,1872.9,1929,1919.95,1908.26,952836,1818256702,35756,439871,46.16,2018,5,0.946397119,Slight positive
BAJFINANCE,EQ,2018-05-17,1919.95,1930,2087.8,1906.1,2067.95,2066.5,2003.37,5581203,11181210536,159158,1598192,28.64,2018,5,7.633011276,Bull run
BAJFINANCE,EQ,2018-05-18,2066.5,2069.9,2171.75,2065.65,2139,2149.65,2126.79,8316734,17687907758,225313,2036992,24.49,2018,5,4.02371159,Among top gainers
BAJFINANCE,EQ,2018-05-21,2149.65,2125,2149,2080.55,2114.9,2105.45,2105.9,2376823,5005357985,72060,900391,37.88,2018,5,-2.056148675,Negative
BAJFINANCE,EQ,2018-05-22,2105.45,2111,2177.9,2110,2146,2149.3,2155.28,1963373,4231625669,79406,306180,15.59,2018,5,2.082690161,Positive
BAJFINANCE,EQ,2018-05-23,2149.3,2148,2148,2066.2,2079.85,2078.4,2099.34,1443827,3031085181,62774,438684,30.38,2018,5,-3.29874843,Among top losers
BAJFINANCE,EQ,2018-05-24,2078.4,2095.5,2109.8,2068,2109,2094.75,2086.16,840932,1754316686,30038,178900,21.27,2018,5,0.786662818,Slight positive
BAJFINANCE,EQ,2018-05-25,2094.75,2107,2151.9,2103.5,2120,2116,2128.68,1342145,2857003477,48489,293628,21.88,2018,5,1.014440864,Positive
BAJFINANCE,EQ,2018-05-28,2116,2125,2138,2086.25,2096.2,2094.95,2105.35,806190,1697311144,27155,245425,30.44,2018,5,-0.994801512,Slight negative
BAJFINANCE,EQ,2018-05-29,2094.95,2105,2107,2065.05,2080,2077.1,2085.25,727259,1516519677,36634,219850,30.23,2018,5,-0.852048975,Slight negative
BAJFINANCE,EQ,2018-05-30,2077.1,2063.3,2130,2056.25,2130,2118.65,2100.07,1251508,2628260086,53403,298001,23.81,2018,5,2.000385152,Positive
BAJFINANCE,EQ,2018-05-31,2118.65,2142.5,2145,2101,2111.35,2109.9,2121.83,1323397,2808022034,67410,493442,37.29,2018,5,-0.412998844,No change
BAJFINANCE,EQ,2018-06-01,2109.9,2120,2120,2065.8,2078,2077.4,2088.53,604574,1262671756,26591,200124,33.1,2018,6,-1.540357363,Negative
BAJFINANCE,EQ,2018-06-04,2077.4,2090.2,2098.75,2055.3,2057,2062.85,2073.84,513152,1064192801,23021,156624,30.52,2018,6,-0.700394724,Slight negative
BAJFINANCE,EQ,2018-06-05,2062.85,2065,2119.55,2055,2114.25,2100.6,2083.92,816879,1702311602,41227,281192,34.42,2018,6,1.829992486,Positive
BAJFINANCE,EQ,2018-06-06,2100.6,2122,2172.9,2107,2168.25,2160.65,2142.7,1802977,3863242920,73745,466140,25.85,2018,6,2.858707036,Positive
BAJFINANCE,EQ,2018-06-07,2160.65,2172,2197.2,2160.15,2167,2169.45,2181.8,1489413,3249606089,71154,347209,23.31,2018,6,0.407284845,No change
BAJFINANCE,EQ,2018-06-08,2169.45,2164.9,2219.95,2147.05,2210,2186.85,2190.2,3039595,6657313397,77464,1252757,41.21,2018,6,0.802046602,Slight positive
BAJFINANCE,EQ,2018-06-11,2186.85,2210,2258.5,2196.2,2250,2250.3,2236.24,2059581,4605716851,75808,833684,40.48,2018,6,2.901433569,Positive
BAJFINANCE,EQ,2018-06-12,2250.3,2255,2277,2236,2263,2261.25,2258.87,1655167,3738810728,60888,745760,45.06,2018,6,0.486601786,No change
BAJFINANCE,EQ,2018-06-13,2261.25,2270,2271.6,2225.7,2233.2,2231.05,2242.65,1095372,2456532733,64896,517603,47.25,2018,6,-1.3355445,Negative
BAJFINANCE,EQ,2018-06-14,2231.05,2235,2252,2197,2251.7,2243.25,2220.71,1321341,2934314588,41796,603530,45.68,2018,6,0.546827727,Slight positive
BAJFINANCE,EQ,2018-06-15,2243.25,2250,2291.55,2231.1,2279,2283.6,2273.28,1637500,3722495104,77355,623307,38.06,2018,6,1.798729522,Positive
BAJFINANCE,EQ,2018-06-18,2283.6,2272,2296,2234.2,2239.65,2243.15,2265.07,1126877,2552451099,112369,505813,44.89,2018,6,-1.771325977,Negative
BAJFINANCE,EQ,2018-06-19,2243.15,2235,2281,2227.05,2269.45,2270.6,2268.85,1151582,2612771041,64250,395469,34.34,2018,6,1.223725564,Positive
BAJFINANCE,EQ,2018-06-20,2270.6,2274.95,2302.1,2261.15,2268.7,2267.8,2284.95,1127273,2575766142,46257,444405,39.42,2018,6,-0.123315423,No change
BAJFINANCE,EQ,2018-06-21,2267.8,2277,2288,2250.1,2257.2,2257.45,2267.69,717023,1625983125,43732,252604,35.23,2018,6,-0.456389452,No change
BAJFINANCE,EQ,2018-06-22,2257.45,2267,2342,2250.55,2342,2336.05,2305.72,1714224,3952516033,61570,476196,27.78,2018,6,3.481804691,Among top gainers
BAJFINANCE,EQ,2018-06-25,2336.05,2342,2399,2334,2385.05,2390.6,2379.12,2393535,5694509403,98474,867655,36.25,2018,6,2.335138375,Positive
BAJFINANCE,EQ,2018-06-26,2390.6,2385,2419.15,2344.55,2367,2367.35,2376.65,2337942,5556479985,120935,921045,39.4,2018,6,-0.97255919,Slight negative
BAJFINANCE,EQ,2018-06-27,2367.35,2379.8,2379.8,2322.55,2336,2335.5,2339.39,1069126,2501097610,48300,523302,48.95,2018,6,-1.345386191,Negative
BAJFINANCE,EQ,2018-06-28,2335.5,2337,2348,2253.8,2290,2274.7,2295.23,1713003,3931739916,56405,601254,35.1,2018,6,-2.603296939,Negative
BAJFINANCE,EQ,2018-06-29,2274.7,2282.1,2320,2270.6,2299,2296.35,2298.76,1378421,3168656346,59912,507894,36.85,2018,6,0.95177386,Slight positive
BAJFINANCE,EQ,2018-07-02,2296.35,2300,2314.7,2281.1,2302.9,2299.55,2298.32,840376,1931453787,37151,288240,34.3,2018,7,0.13935158,No change
BAJFINANCE,EQ,2018-07-03,2299.55,2305,2334,2285.75,2326.9,2321.1,2313.4,810667,1875395909,36557,228631,28.2,2018,7,0.937139875,Slight positive
BAJFINANCE,EQ,2018-07-04,2321.1,2333,2345,2306.55,2326.3,2331.4,2329.71,916379,2134896393,33159,254318,27.75,2018,7,0.443755116,No change
BAJFINANCE,EQ,2018-07-05,2331.4,2339,2349,2322.4,2329,2330.15,2335.77,688785,1608840632,26219,269751,39.16,2018,7,-0.053615853,No change
BAJFINANCE,EQ,2018-07-06,2330.15,2338.8,2355,2324,2345.7,2345.7,2343.93,690617,1618754749,26206,179892,26.05,2018,7,0.667339013,Slight positive
BAJFINANCE,EQ,2018-07-09,2345.7,2359,2363.2,2337,2344.45,2348.05,2350.69,551695,1296866603,26391,202430,36.69,2018,7,0.100183314,No change
BAJFINANCE,EQ,2018-07-10,2348.05,2360,2382,2350,2367,2366.35,2370.44,784134,1858743300,45628,308333,39.32,2018,7,0.779370116,Slight positive
BAJFINANCE,EQ,2018-07-11,2366.35,2365.9,2382,2345,2354.3,2355.6,2364.85,594805,1406621874,54305,255550,42.96,2018,7,-0.454286137,No change
BAJFINANCE,EQ,2018-07-12,2355.6,2375,2429,2360.35,2417.2,2415,2406.92,1396150,3360424151,69112,396651,28.41,2018,7,2.521650535,Positive
BAJFINANCE,EQ,2018-07-13,2415,2433.85,2475,2422.2,2474,2468.6,2450.71,1390485,3407674158,54821,388552,27.94,2018,7,2.219461698,Positive
BAJFINANCE,EQ,2018-07-16,2468.6,2475,2499.4,2460,2471,2472.3,2481.26,1172644,2909633439,50502,473561,40.38,2018,7,0.149882525,No change
BAJFINANCE,EQ,2018-07-17,2472.3,2475,2492.25,2435.6,2475,2469.15,2461.04,944686,2324909337,43638,359847,38.09,2018,7,-0.127411722,No change
BAJFINANCE,EQ,2018-07-18,2469.15,2478.2,2523.05,2471.35,2495,2488.75,2496.47,1405478,3508737467,56900,479715,34.13,2018,7,0.793795436,Slight positive
BAJFINANCE,EQ,2018-07-19,2488.75,2503.9,2537,2357.5,2511,2520.2,2464.93,4889817,12053039307,169587,563753,11.53,2018,7,1.26368659,Positive
BAJFINANCE,EQ,2018-07-20,2520.2,2521,2745,2486.85,2721.95,2721.35,2656.7,7361274,19556662675,267359,1246778,16.94,2018,7,7.981509404,Bull run
BAJFINANCE,EQ,2018-07-23,2721.35,2720,2797,2717,2751.65,2755.8,2767.3,3551888,9829125801,128093,713723,20.09,2018,7,1.265915814,Positive
BAJFINANCE,EQ,2018-07-24,2755.8,2749,2758,2687.25,2716,2713.35,2709.44,2778837,7529100200,87382,1413818,50.88,2018,7,-1.540387546,Negative
BAJFINANCE,EQ,2018-07-25,2713.35,2727,2778.3,2692,2699.8,2705.05,2738.22,1884105,5159100379,85845,463879,24.62,2018,7,-0.305894927,No change
BAJFINANCE,EQ,2018-07-26,2705.05,2695,2728.4,2654.8,2697.95,2681.65,2688.94,2185905,5877766748,68161,1360654,62.25,2018,7,-0.865048705,Slight negative
BAJFINANCE,EQ,2018-07-27,2681.65,2685,2724.5,2667.05,2719,2713.7,2699.63,958703,2588146466,53334,283590,29.58,2018,7,1.195159696,Positive
BAJFINANCE,EQ,2018-07-30,2713.7,2715.55,2722.6,2666,2674.1,2678,2686.12,822162,2208425410,38160,300109,36.5,2018,7,-1.315547039,Negative
BAJFINANCE,EQ,2018-07-31,2678,2672,2708.9,2668.05,2704,2697.9,2694.64,711174,1916354715,50897,280343,39.42,2018,7,0.74309186,Slight positive
BAJFINANCE,EQ,2018-08-01,2697.9,2715,2771.65,2702.7,2715,2722.8,2740.14,1584541,4341862105,63007,406920,25.68,2018,8,0.922940064,Slight positive
BAJFINANCE,EQ,2018-08-02,2722.8,2714.3,2726.25,2680,2682.2,2683.85,2698.79,781173,2108222306,46270,311982,39.94,2018,8,-1.430512708,Negative
BAJFINANCE,EQ,2018-08-03,2683.85,2700,2709,2660.25,2681,2681.3,2685.24,741852,1992051358,37652,235547,31.75,2018,8,-0.095012762,No change
BAJFINANCE,EQ,2018-08-06,2681.3,2693.9,2707.95,2666.45,2694.8,2696.25,2684.06,622905,1671917046,37436,282331,45.32,2018,8,0.55756536,Slight positive
BAJFINANCE,EQ,2018-08-07,2696.25,2705,2754.5,2682,2752.8,2747.35,2720.98,1166483,3173977317,44224,366212,31.39,2018,8,1.895224849,Positive
BAJFINANCE,EQ,2018-08-08,2747.35,2755.2,2819.65,2752,2809.95,2813.15,2792.42,2113934,5903001139,86177,484910,22.94,2018,8,2.395035216,Positive
BAJFINANCE,EQ,2018-08-09,2813.15,2824,2846.05,2800,2825.45,2830.15,2829.62,1147083,3245810295,41311,199239,17.37,2018,8,0.604304783,Slight positive
BAJFINANCE,EQ,2018-08-10,2830.15,2816,2837.4,2791.25,2815,2808.45,2813.25,877508,2468649319,43329,297799,33.94,2018,8,-0.766743812,Slight negative
BAJFINANCE,EQ,2018-08-13,2808.45,2807.95,2807.95,2754.2,2760.3,2760.4,2773.19,809365,2244526813,36853,397860,49.16,2018,8,-1.710908152,Negative
BAJFINANCE,EQ,2018-08-14,2760.4,2763.3,2837.5,2763.3,2830.2,2830.2,2818.04,1051658,2963619047,48387,252388,24,2018,8,2.528619041,Positive
BAJFINANCE,EQ,2018-08-16,2830.2,2832,2908,2822.05,2856.2,2856.6,2872.05,2229727,6403885253,103069,651822,29.23,2018,8,0.932796269,Slight positive
BAJFINANCE,EQ,2018-08-17,2856.6,2866,2885,2841.5,2851.2,2851.2,2859.54,688133,1967747140,34708,186767,27.14,2018,8,-0.189035917,No change
BAJFINANCE,EQ,2018-08-20,2851.2,2877.95,2877.95,2836.3,2840.85,2839.75,2854.02,665480,1899292162,37545,238282,35.81,2018,8,-0.401585297,No change
BAJFINANCE,EQ,2018-08-21,2839.75,2840.85,2883,2824.8,2871.9,2871.8,2853.59,951549,2715331871,46240,296876,31.2,2018,8,1.128620477,Positive
BAJFINANCE,EQ,2018-08-23,2871.8,2889,2909,2871.3,2891.05,2893.85,2894.11,1675920,4850295485,49545,279617,16.68,2018,8,0.767811129,Slight positive
BAJFINANCE,EQ,2018-08-24,2893.85,2892,2943.4,2891.05,2920.5,2916.6,2925.6,1327710,3884349778,52356,284007,21.39,2018,8,0.786149939,Slight positive
BAJFINANCE,EQ,2018-08-27,2916.6,2939.4,2959,2925.05,2958,2950.75,2941.26,976004,2870685847,51962,371017,38.01,2018,8,1.170883906,Positive
BAJFINANCE,EQ,2018-08-28,2950.75,2982,2982,2925.8,2937,2932.6,2949.26,1233742,3638620531,85123,536642,43.5,2018,8,-0.615097856,Slight negative
BAJFINANCE,EQ,2018-08-29,2932.6,2930,2994,2930,2990,2985.5,2970.21,1402583,4165961335,67059,515888,36.78,2018,8,1.803860056,Positive
BAJFINANCE,EQ,2018-08-30,2985.5,2993.9,2993.9,2920.95,2928,2926.75,2948.54,1452996,4284215480,88899,666392,45.86,2018,8,-1.967844582,Negative
BAJFINANCE,EQ,2018-08-31,2926.75,2935,2954.85,2841.1,2856,2856.6,2877.94,1357206,3905962686,103666,512949,37.79,2018,8,-2.396856582,Negative
BAJFINANCE,EQ,2018-09-03,2856.6,2880,2880,2715.3,2720.1,2724.05,2794.49,2516840,7033272632,108879,1127671,44.81,2018,9,-4.640131625,Among top losers
BAJFINANCE,EQ,2018-09-04,2724.05,2724,2777.65,2683.5,2748,2746.3,2726.23,2606992,7107269892,108019,608250,23.33,2018,9,0.816798517,Slight positive
BAJFINANCE,EQ,2018-09-05,2746.3,2740.15,2764.8,2668,2704.45,2716.9,2712.53,1728455,4688483551,70749,435147,25.18,2018,9,-1.07053126,Negative
BAJFINANCE,EQ,2018-09-06,2716.9,2729,2731.5,2671.4,2672.2,2684.1,2695.89,1147879,3094561116,46641,360465,31.4,2018,9,-1.207258272,Negative
BAJFINANCE,EQ,2018-09-07,2684.1,2698.4,2751.4,2672.6,2745,2744.2,2716.32,1264436,3434609995,56453,227156,17.97,2018,9,2.239111807,Positive
BAJFINANCE,EQ,2018-09-10,2744.2,2732,2738,2596,2607.6,2615.65,2655.39,1570179,4169441415,77016,516987,32.93,2018,9,-4.684425333,Among top losers
BAJFINANCE,EQ,2018-09-11,2615.65,2621,2668.8,2562.25,2600,2600.75,2619.05,3357660,8793882087,135043,728912,21.71,2018,9,-0.56964808,Slight negative
BAJFINANCE,EQ,2018-09-12,2600.75,2617.95,2636.95,2516.1,2588.9,2594,2577.54,2682340,6913828280,126357,586940,21.88,2018,9,-0.259540517,No change
BAJFINANCE,EQ,2018-09-14,2594,2630.5,2683.5,2626.25,2678,2672.2,2651.42,1795131,4759643967,76712,424000,23.62,2018,9,3.01464919,Among top gainers
BAJFINANCE,EQ,2018-09-17,2672.2,2660,2660,2588.25,2596,2604.6,2613.75,1455320,3803840999,58481,264129,18.15,2018,9,-2.529750767,Negative
BAJFINANCE,EQ,2018-09-18,2604.6,2610,2627.45,2559,2563.4,2570.4,2597.61,1449290,3764692760,59710,200650,13.84,2018,9,-1.313061507,Negative
BAJFINANCE,EQ,2018-09-19,2570.4,2585,2597.7,2486.5,2499,2499.55,2534.22,1894557,4801231359,80228,490995,25.92,2018,9,-2.75638033,Negative
BAJFINANCE,EQ,2018-09-21,2499.55,2530,2557,2124.65,2392.9,2379.4,2393.26,5750880,13763335233,175965,1712779,29.78,2018,9,-4.806865236,Among top losers
BAJFINANCE,EQ,2018-09-24,2379.4,2422.15,2422.45,2168.6,2235,2260.8,2241.78,7798172,17481775893,285804,2876991,36.89,2018,9,-4.984449861,Among top losers
BAJFINANCE,EQ,2018-09-25,2260.8,2235,2330.35,2180.6,2297.75,2299.2,2269.68,5537396,12568134634,195380,1420566,25.65,2018,9,1.6985138,Positive
BAJFINANCE,EQ,2018-09-26,2299.2,2329,2353.95,2295.1,2299.05,2315.55,2329.47,2728756,6356543237,121960,1082430,39.67,2018,9,0.71111691,Slight positive
BAJFINANCE,EQ,2018-09-27,2315.55,2323.4,2323.4,2192.15,2209.35,2204.2,2246.48,2796294,6281818985,104324,1012275,36.2,2018,9,-4.808792727,Among top losers
BAJFINANCE,EQ,2018-09-28,2204.2,2232,2248,2117,2178.55,2168,2188.27,3831096,8383461388,136482,793224,20.7,2018,9,-1.642319209,Negative
BAJFINANCE,EQ,2018-10-01,2168,2168,2233.35,2052.2,2218,2208.5,2130.49,4821772,10272717489,156061,1248652,25.9,2018,10,1.868081181,Positive
BAJFINANCE,EQ,2018-10-03,2208.5,2200,2329.95,2166.05,2222.05,2232.2,2257.64,5567701,12569886813,171390,2307249,41.44,2018,10,1.073126556,Positive
BAJFINANCE,EQ,2018-10-04,2232.2,2169,2212,2118.55,2167.1,2179.15,2164.77,4002718,8664965903,125340,1016254,25.39,2018,10,-2.37657916,Negative
BAJFINANCE,EQ,2018-10-05,2179.15,2160,2214.6,1963.25,1965,2023.3,2112.81,3470441,7332376311,126458,727272,20.96,2018,10,-7.151871142,Bear drop
BAJFINANCE,EQ,2018-10-08,2023.3,1992,2090,1912.2,1962,1974.85,2005.81,5966669,11967997564,241495,1324407,22.2,2018,10,-2.394602876,Negative
BAJFINANCE,EQ,2018-10-09,1974.85,1975,2115.85,1947.65,2061,2060.85,2031.07,4859016,9869025594,172851,1199729,24.69,2018,10,4.354761121,Among top gainers
BAJFINANCE,EQ,2018-10-10,2060.85,2100,2305.7,2100,2256.95,2270.95,2241.29,7235957,16217900485,271746,1568245,21.67,2018,10,10.19482252,Bull run
BAJFINANCE,EQ,2018-10-11,2270.95,2100,2230,2060,2173,2162.1,2167.12,5467086,11847805404,205598,822894,15.05,2018,10,-4.793148242,Among top losers
BAJFINANCE,EQ,2018-10-12,2162.1,2227.25,2320,2227.25,2286,2287.35,2285.25,3665577,8376744417,145259,535486,14.61,2018,10,5.792979048,Among top gainers
BAJFINANCE,EQ,2018-10-15,2287.35,2319.75,2319.75,2261.1,2314.25,2306.2,2295.61,2435413,5590760853,98728,289911,11.9,2018,10,0.824097755,Slight positive
BAJFINANCE,EQ,2018-10-16,2306.2,2325,2362,2285.25,2307.6,2308.85,2323.66,2528484,5875348086,96034,442720,17.51,2018,10,0.11490764,No change
BAJFINANCE,EQ,2018-10-17,2308.85,2340,2369.25,2132.85,2148,2150.5,2230.83,3811985,8503887800,141863,677510,17.77,2018,10,-6.858392706,Among top losers
BAJFINANCE,EQ,2018-10-19,2150.5,2150,2198,2053.95,2173.9,2140.5,2119.86,4286790,9087411873,154327,461727,10.77,2018,10,-0.465008138,No change
BAJFINANCE,EQ,2018-10-22,2140.5,2188,2218.95,2091,2120,2115.35,2158.04,3681946,7945799985,130334,696457,18.92,2018,10,-1.174959122,Negative
BAJFINANCE,EQ,2018-10-23,2115.35,2095,2155.35,1997.55,2135,2083.35,2085.21,9064775,18901975524,330448,1495387,16.5,2018,10,-1.512752027,Negative
BAJFINANCE,EQ,2018-10-24,2083.35,2175,2339,2160,2332.7,2311.8,2230.71,10357295,23104160191,420208,2273036,21.95,2018,10,10.96551228,Bull run
BAJFINANCE,EQ,2018-10-25,2311.8,2285,2348,2256.8,2334.3,2335,2304.82,5201159,11987733035,192063,796404,15.31,2018,10,1.00354702,Positive
BAJFINANCE,EQ,2018-10-26,2335,2329.95,2376.8,2278.5,2323,2338.9,2335.67,3795831,8865790371,157950,719346,18.95,2018,10,0.167023555,No change
BAJFINANCE,EQ,2018-10-29,2338.9,2338.9,2392,2315,2382.05,2380.45,2357.75,2201145,5189738800,90062,305447,13.88,2018,10,1.776476121,Positive
BAJFINANCE,EQ,2018-10-30,2380.45,2395,2423.9,2350.35,2356.35,2356.35,2387.54,2202230,5257910982,101049,349374,15.86,2018,10,-1.012413619,Negative
BAJFINANCE,EQ,2018-10-31,2356.35,2367.8,2392,2306.9,2368.1,2382.55,2356.22,2808812,6618171988,122631,765349,27.25,2018,10,1.111889151,Positive
BAJFINANCE,EQ,2018-11-01,2382.55,2391.45,2435,2372.45,2419.7,2418.1,2416.75,2552134,6167878126,134501,748548,29.33,2018,11,1.492098802,Positive
BAJFINANCE,EQ,2018-11-02,2418.1,2443,2474.9,2365,2390,2383.3,2427.39,2367117,5745922271,107167,586863,24.79,2018,11,-1.439146437,Negative
BAJFINANCE,EQ,2018-11-05,2383.3,2390,2409,2332.7,2360,2359.4,2362.96,1625999,3842168007,89106,393788,24.22,2018,11,-1.002811228,Negative
BAJFINANCE,EQ,2018-11-06,2359.4,2370,2389.9,2332.35,2335,2339.75,2356.84,1368682,3225758929,58423,299825,21.91,2018,11,-0.832838857,Slight negative
BAJFINANCE,EQ,2018-11-07,2339.75,2360,2364.5,2343.7,2349.65,2348.4,2350.06,171467,402957998.2,10427,39575,23.08,2018,11,0.369697617,No change
BAJFINANCE,EQ,2018-11-09,2348.4,2349.65,2383.85,2338.25,2375.35,2375.35,2365.32,1327846,3140781867,70853,385415,29.03,2018,11,1.147589848,Positive
BAJFINANCE,EQ,2018-11-12,2375.35,2375.35,2385,2270,2280,2277.6,2329.21,1479678,3446483985,69540,391380,26.45,2018,11,-4.115183026,Among top losers
BAJFINANCE,EQ,2018-11-13,2277.6,2270,2308.35,2233.1,2285,2285,2267.37,2297710,5209753683,129267,641071,27.9,2018,11,0.324903407,No change
BAJFINANCE,EQ,2018-11-14,2285,2299,2315,2265,2287,2293.95,2294.18,1456146,3340662749,70677,350098,24.04,2018,11,0.391684902,No change
BAJFINANCE,EQ,2018-11-15,2293.95,2287,2348,2285.1,2339,2341.3,2321.21,1577115,3660812879,75028,310877,19.71,2018,11,2.064125199,Positive
BAJFINANCE,EQ,2018-11-16,2341.3,2342,2417.2,2340,2413,2402.1,2384.21,1918873,4574991475,87388,609737,31.78,2018,11,2.596847905,Positive
BAJFINANCE,EQ,2018-11-19,2402.1,2420,2422.3,2350.3,2367,2360.95,2376.96,1357795,3227426710,70411,476251,35.08,2018,11,-1.713084384,Negative
BAJFINANCE,EQ,2018-11-20,2360.95,2365,2392.95,2345.75,2374,2380.1,2373.93,1237702,2938220648,56952,260667,21.06,2018,11,0.81111417,Slight positive
BAJFINANCE,EQ,2018-11-21,2380.1,2389,2435,2361.7,2432,2430.55,2400.6,1514725,3636247034,68228,265481,17.53,2018,11,2.119658838,Positive
BAJFINANCE,EQ,2018-11-22,2430.55,2432,2454.8,2360,2369.8,2381.5,2418.22,1604279,3879497956,112270,340759,21.24,2018,11,-2.018061756,Negative
BAJFINANCE,EQ,2018-11-26,2381.5,2400,2411.9,2346.95,2395,2394.6,2382.57,1391434,3315189670,63395,204596,14.7,2018,11,0.550073483,Slight positive
BAJFINANCE,EQ,2018-11-27,2394.6,2395,2439.9,2375,2437,2435.45,2410.53,1594955,3844687322,71903,333606,20.92,2018,11,1.705921657,Positive
BAJFINANCE,EQ,2018-11-28,2435.45,2445.95,2449,2396.25,2410,2412.55,2422.61,1396260,3382587672,82033,471631,33.78,2018,11,-0.940277977,Slight negative
BAJFINANCE,EQ,2018-11-29,2412.55,2435,2517.6,2416.85,2515,2506.5,2480.07,2861284,7096181708,111458,1122488,39.23,2018,11,3.894219809,Among top gainers
BAJFINANCE,EQ,2018-11-30,2506.5,2538,2564.4,2507.05,2531.35,2537.7,2533.84,2737341,6935996954,110643,850515,31.07,2018,11,1.244763615,Positive
BAJFINANCE,EQ,2018-12-03,2537.7,2548,2555.55,2490.75,2509.1,2508.65,2516.61,1115592,2807514670,61285,263252,23.6,2018,12,-1.144737361,Negative
BAJFINANCE,EQ,2018-12-04,2508.65,2509,2549,2495,2542.5,2543.55,2529.18,1329587,3362767237,57504,323380,24.32,2018,12,1.391186495,Positive
BAJFINANCE,EQ,2018-12-05,2543.55,2539.9,2539.9,2470.3,2508,2494.1,2504.04,1327031,3322939292,62196,348468,26.26,2018,12,-1.9441332,Negative
BAJFINANCE,EQ,2018-12-06,2494.1,2481,2494,2418,2425.5,2432.4,2466.92,1317472,3250101917,59432,347583,26.38,2018,12,-2.473838258,Negative
BAJFINANCE,EQ,2018-12-07,2432.4,2443,2497.75,2414.65,2486.35,2486.35,2455.62,1478720,3631175517,64924,285479,19.31,2018,12,2.217974017,Positive
BAJFINANCE,EQ,2018-12-10,2486.35,2410.45,2443.9,2382.35,2395.6,2395.55,2404.57,1399894,3366149097,73093,321685,22.98,2018,12,-3.65193959,Among top losers
BAJFINANCE,EQ,2018-12-11,2395.55,2360,2446.5,2332.1,2432,2426.75,2402.08,2189278,5258818002,86224,424783,19.4,2018,12,1.302414894,Positive
BAJFINANCE,EQ,2018-12-12,2426.75,2445,2514.9,2434.35,2485.4,2493.95,2487.74,1683197,4187350928,74367,435367,25.87,2018,12,2.769135675,Positive
BAJFINANCE,EQ,2018-12-13,2493.95,2510.2,2528.95,2475,2490.8,2489.1,2506.18,1713161,4293486902,81243,408094,23.82,2018,12,-0.194470619,No change
BAJFINANCE,EQ,2018-12-14,2489.1,2488.25,2512,2464.25,2485.35,2486.35,2490.57,1204379,2999593110,55506,261156,21.68,2018,12,-0.1104817,No change
BAJFINANCE,EQ,2018-12-17,2486.35,2498.6,2509.9,2466.25,2475,2474.4,2482.95,1019602,2531621445,53595,371850,36.47,2018,12,-0.480624208,No change
BAJFINANCE,EQ,2018-12-18,2474.4,2469.7,2538.2,2446.6,2533,2532.2,2500.36,1653107,4133359893,69881,456863,27.64,2018,12,2.335919819,Positive
BAJFINANCE,EQ,2018-12-19,2532.2,2550.8,2629.1,2550.15,2592,2596.9,2597.8,2946314,7653926828,161533,884477,30.02,2018,12,2.555090435,Positive
BAJFINANCE,EQ,2018-12-20,2596.9,2560,2609.9,2531.6,2594,2591.4,2584.53,1467028,3791572613,59610,264554,18.03,2018,12,-0.211790982,No change
BAJFINANCE,EQ,2018-12-21,2591.4,2615,2623.9,2532.7,2587,2591.25,2586.49,3042464,7869303800,106879,1480901,48.67,2018,12,-0.005788377,No change
BAJFINANCE,EQ,2018-12-24,2591.25,2594,2604.85,2553,2566.2,2564.9,2568.95,1050017,2697442198,38810,181276,17.26,2018,12,-1.016883743,Negative
BAJFINANCE,EQ,2018-12-26,2564.9,2560,2582.95,2503.7,2575,2567.4,2545.04,1662068,4230029671,62517,330566,19.89,2018,12,0.097469687,No change
BAJFINANCE,EQ,2018-12-27,2567.4,2598.85,2626.75,2570,2595,2587.15,2587.24,1626301,4207634093,58180,506414,31.14,2018,12,0.769260731,Slight positive
BAJFINANCE,EQ,2018-12-28,2587.15,2603,2643.8,2585.95,2641,2634.8,2620.21,1901581,4982547528,57926,325153,17.1,2018,12,1.841795025,Positive
BAJFINANCE,EQ,2018-12-31,2634.8,2656.95,2666.3,2635.6,2641,2645.15,2648.68,1453327,3849395234,63838,213940,14.72,2018,12,0.392819189,No change
BAJFINANCE,EQ,2019-01-01,2645.15,2645,2664,2612.1,2651,2656.85,2637.85,917872,2421210678,38274,159441,17.37,2019,1,0.442318961,No change
BAJFINANCE,EQ,2019-01-02,2656.85,2635.1,2662,2601.9,2614.5,2614.05,2633.22,1304915,3436123168,62076,291745,22.36,2019,1,-1.610930237,Negative
BAJFINANCE,EQ,2019-01-03,2614.05,2612,2648,2575.3,2590,2586.2,2619.24,1282478,3359123631,58136,272506,21.25,2019,1,-1.065396607,Negative
BAJFINANCE,EQ,2019-01-04,2586.2,2601,2611.9,2563.65,2575,2576.05,2586.04,1051021,2717982195,44956,149919,14.26,2019,1,-0.392467713,No change
BAJFINANCE,EQ,2019-01-07,2576.05,2601,2605,2545.35,2550,2553.6,2576.01,1024328,2638682339,34438,182992,17.86,2019,1,-0.871489296,Slight negative
BAJFINANCE,EQ,2019-01-08,2553.6,2560,2582,2525.05,2531,2537.05,2548.04,1233379,3142702555,48401,318332,25.81,2019,1,-0.648104637,Slight negative
BAJFINANCE,EQ,2019-01-09,2537.05,2546,2559.8,2510,2523,2524.35,2531.52,1093992,2769457599,50474,236779,21.64,2019,1,-0.500581384,Slight negative
BAJFINANCE,EQ,2019-01-10,2524.35,2526,2542.45,2504.7,2515,2514.65,2524.29,910839,2299224387,46676,276057,30.31,2019,1,-0.384257334,No change
BAJFINANCE,EQ,2019-01-11,2514.65,2516,2530,2488,2514,2514.2,2507.69,818218,2051837669,50724,240007,29.33,2019,1,-0.017895135,No change
BAJFINANCE,EQ,2019-01-14,2514.2,2515.95,2552.9,2484.15,2551,2544.8,2519.21,1021504,2573382956,41933,277602,27.18,2019,1,1.217086946,Positive
BAJFINANCE,EQ,2019-01-15,2544.8,2551,2613,2551,2599.35,2604.2,2581.09,1466303,3784657950,52019,445421,30.38,2019,1,2.334171644,Positive
BAJFINANCE,EQ,2019-01-16,2604.2,2598.4,2612.15,2562.8,2565.05,2569.85,2580.12,952597,2457815966,43546,281456,29.55,2019,1,-1.319023117,Negative
BAJFINANCE,EQ,2019-01-17,2569.85,2574,2586.55,2527.05,2531.15,2535.9,2548.14,994183,2533317046,54816,339896,34.19,2019,1,-1.32108878,Negative
BAJFINANCE,EQ,2019-01-18,2535.9,2545,2555,2525.1,2547.95,2542.9,2541.15,753775,1915458605,42122,191879,25.46,2019,1,0.276036121,No change
BAJFINANCE,EQ,2019-01-21,2542.9,2548,2606,2526.6,2588,2594.2,2581.23,1332159,3438605018,54146,378348,28.4,2019,1,2.01738173,Positive
BAJFINANCE,EQ,2019-01-22,2594.2,2585,2635,2575,2620.5,2621.9,2615.71,1474713,3857419057,67966,315411,21.39,2019,1,1.067766556,Positive
BAJFINANCE,EQ,2019-01-23,2621.9,2619,2653,2611,2633.05,2634.35,2641.25,992504,2621446958,41955,190244,19.17,2019,1,0.474846485,No change
BAJFINANCE,EQ,2019-01-24,2634.35,2639,2653.5,2603.1,2637,2635.65,2626.48,753856,1979986667,37730,150782,20,2019,1,0.049348037,No change
BAJFINANCE,EQ,2019-01-25,2635.65,2649,2661,2585,2605,2599.55,2628.68,916927,2410312055,43173,257746,28.11,2019,1,-1.369681103,Negative
BAJFINANCE,EQ,2019-01-28,2599.55,2610,2610,2355,2458,2458.5,2466.23,2364047,5830278043,119075,468550,19.82,2019,1,-5.425939105,Among top losers
BAJFINANCE,EQ,2019-01-29,2458.5,2468,2570.1,2371.65,2567.95,2515.55,2472.14,6118833,15126581643,240657,822706,13.45,2019,1,2.320520643,Positive
BAJFINANCE,EQ,2019-01-30,2515.55,2580,2623.7,2546,2575,2595.5,2592.52,3879707,10058218818,182783,1020304,26.3,2019,1,3.178231401,Among top gainers
BAJFINANCE,EQ,2019-01-31,2595.5,2608,2608,2526,2581.1,2574.85,2567.54,2083418,5349249189,109891,542639,26.05,2019,1,-0.795607783,Slight negative
BAJFINANCE,EQ,2019-02-01,2574.85,2575,2687.9,2575,2629,2628.4,2630.85,2117768,5571520248,92973,461799,21.81,2019,2,2.0797328,Positive
BAJFINANCE,EQ,2019-02-04,2628.4,2610,2623.55,2572.2,2594.3,2594.45,2593.98,942113,2443825392,47164,227244,24.12,2019,2,-1.291660326,Negative
BAJFINANCE,EQ,2019-02-05,2594.45,2600,2642.1,2593.95,2600,2603.6,2621.69,1010817,2650050195,44464,277797,27.48,2019,2,0.352675904,No change
BAJFINANCE,EQ,2019-02-06,2603.6,2619,2720,2612.1,2718,2711.25,2674.16,1798461,4809371809,121591,579895,32.24,2019,2,4.134659702,Among top gainers
BAJFINANCE,EQ,2019-02-07,2711.25,2725,2731,2684.1,2692,2696.6,2707.52,1760580,4766798532,66102,397838,22.6,2019,2,-0.540341171,Slight negative
BAJFINANCE,EQ,2019-02-08,2696.6,2670,2737.45,2670,2700.05,2707.15,2712.09,1510785,4097377587,87521,304472,20.15,2019,2,0.391233405,No change
BAJFINANCE,EQ,2019-02-11,2707.15,2724.7,2724.7,2635,2668.25,2657.2,2665.29,1194702,3184222842,56949,205481,17.2,2019,2,-1.845113865,Negative
BAJFINANCE,EQ,2019-02-12,2657.2,2668,2677.15,2616.3,2616.95,2621.8,2633.31,1200370,3160945323,59198,396275,33.01,2019,2,-1.332229414,Negative
BAJFINANCE,EQ,2019-02-13,2621.8,2629.9,2649,2572.05,2580.6,2590.55,2603.78,1207192,3143262363,57068,314422,26.05,2019,2,-1.191929209,Negative
BAJFINANCE,EQ,2019-02-14,2590.55,2579.95,2622,2556.9,2614,2609.2,2595.13,1214126,3150818943,55987,318238,26.21,2019,2,0.71992434,Slight positive
BAJFINANCE,EQ,2019-02-15,2609.2,2610,2610,2506,2559.95,2561.1,2554.26,1640696,4190770275,123830,597509,36.42,2019,2,-1.843476928,Negative
BAJFINANCE,EQ,2019-02-18,2561.1,2548.05,2561,2512.45,2549.95,2549.45,2535.17,1154520,2926900719,61844,349945,30.31,2019,2,-0.454882668,No change
BAJFINANCE,EQ,2019-02-19,2549.45,2551,2606.95,2545,2565,2559.8,2585.02,1148339,2968474508,51702,243463,21.2,2019,2,0.405969915,No change
BAJFINANCE,EQ,2019-02-20,2559.8,2585,2614.8,2571,2606.15,2606.15,2593.21,1038127,2692076867,51897,274982,26.49,2019,2,1.810688335,Positive
BAJFINANCE,EQ,2019-02-21,2606.15,2610,2660,2593.05,2652.55,2654.7,2633.94,1139823,3002230329,51121,334836,29.38,2019,2,1.862901214,Positive
BAJFINANCE,EQ,2019-02-22,2654.7,2652.55,2674,2632.4,2632.4,2640.4,2652.69,825672,2190253574,36680,152050,18.42,2019,2,-0.538667269,Slight negative
BAJFINANCE,EQ,2019-02-25,2640.4,2639,2675,2613.75,2665.05,2657.75,2639.73,1024040,2703190062,50117,255636,24.96,2019,2,0.657097409,Slight positive
BAJFINANCE,EQ,2019-02-26,2657.75,2637.3,2678,2600,2660.5,2657.75,2646.35,1618996,4284426293,58182,335396,20.72,2019,2,0,No change
BAJFINANCE,EQ,2019-02-27,2657.75,2670,2696.65,2625,2633,2642,2658.44,1147839,3051456296,61398,213870,18.63,2019,2,-0.592606528,Slight negative
BAJFINANCE,EQ,2019-02-28,2642,2666.6,2667,2630,2647.2,2649,2647.33,1136843,3009601118,61702,388354,34.16,2019,2,0.264950795,No change
BAJFINANCE,EQ,2019-03-01,2649,2663.3,2674.3,2640,2659.3,2660.75,2658.34,707094,1879699728,37164,172888,24.45,2019,3,0.443563609,No change
BAJFINANCE,EQ,2019-03-05,2660.75,2655,2708.35,2644.6,2696,2695.15,2676.32,847307,2267663200,51747,253792,29.95,2019,3,1.292868552,Positive
BAJFINANCE,EQ,2019-03-06,2695.15,2715,2774.2,2700,2766,2766.7,2743.27,1543424,4234034087,65299,274461,17.78,2019,3,2.654768751,Positive
BAJFINANCE,EQ,2019-03-07,2766.7,2774.95,2782.3,2725,2730.2,2734.8,2754.17,859851,2368176539,49281,192559,22.39,2019,3,-1.152998157,Negative
BAJFINANCE,EQ,2019-03-08,2734.8,2724.9,2779,2716.6,2763.3,2768.3,2750.35,1178087,3240153803,62091,176906,15.02,2019,3,1.224952465,Positive
BAJFINANCE,EQ,2019-03-11,2768.3,2769,2807.95,2769,2791,2791.05,2792.53,1169075,3264674684,50495,287589,24.6,2019,3,0.821803995,Slight positive
BAJFINANCE,EQ,2019-03-12,2791.05,2808.8,2816.65,2745.5,2753,2753.05,2778.88,1385335,3849680832,83426,576810,41.64,2019,3,-1.361494778,Negative
BAJFINANCE,EQ,2019-03-13,2753.05,2760,2837.95,2748.85,2832,2828.15,2797.29,1549296,4333834150,78322,407070,26.27,2019,3,2.72788362,Positive
BAJFINANCE,EQ,2019-03-14,2828.15,2832,2835,2787.1,2814.9,2808.1,2811.64,896055,2519380609,43673,224141,25.01,2019,3,-0.708944009,Slight negative
BAJFINANCE,EQ,2019-03-15,2808.1,2818.8,2899,2815,2862.8,2860.75,2857.26,2091562,5976128977,75939,861194,41.17,2019,3,1.874933229,Positive
BAJFINANCE,EQ,2019-03-18,2860.75,2872,2941.1,2845,2940,2929.55,2896.57,1819986,5271716850,82050,497502,27.34,2019,3,2.404963733,Positive
BAJFINANCE,EQ,2019-03-19,2929.55,2930,2962.9,2910.05,2922,2920.9,2938.66,1480565,4350874747,84236,378993,25.6,2019,3,-0.295267191,No change
BAJFINANCE,EQ,2019-03-20,2920.9,2924.8,2934.55,2857.8,2866,2868.6,2890.15,1406862,4066039574,49364,549410,39.05,2019,3,-1.79054401,Negative
BAJFINANCE,EQ,2019-03-22,2868.6,2868,2895.5,2816,2842,2836.65,2848.99,1250876,3563737147,60237,351212,28.08,2019,3,-1.113783727,Negative
BAJFINANCE,EQ,2019-03-25,2836.65,2804,2862,2801,2851,2849.8,2838.58,1066757,3028073793,53129,280575,26.3,2019,3,0.463574992,No change
BAJFINANCE,EQ,2019-03-26,2849.8,2860,2942,2859,2940,2934.35,2906.01,1570637,4564279825,71147,379383,24.15,2019,3,2.966874868,Positive
BAJFINANCE,EQ,2019-03-27,2934.35,2950,3014.15,2932.5,2943,2945.25,2970.99,2419656,7188779539,113120,482172,19.93,2019,3,0.371462164,No change
BAJFINANCE,EQ,2019-03-28,2945.25,2940.1,3000,2940.05,2993,2995.85,2977.68,1366945,4070327232,81096,437392,32,2019,3,1.718020542,Positive
BAJFINANCE,EQ,2019-03-29,2995.85,3010,3034.95,2965.6,3020.5,3025,3011.8,1734853,5225024838,103244,601988,34.7,2019,3,0.973012668,Slight positive
BAJFINANCE,EQ,2019-04-01,3025,3030.2,3046.4,2991,2995,3001.45,3024.05,1109000,3353666437,67109,325377,29.34,2019,4,-0.778512397,Slight negative
BAJFINANCE,EQ,2019-04-02,3001.45,3024.8,3077,2998.35,3073,3055.2,3027.29,1136238,3439720570,53912,244406,21.51,2019,4,1.790801113,Positive
BAJFINANCE,EQ,2019-04-03,3055.2,3073,3089,3038.15,3046,3046,3069.19,1052752,3231095874,64587,302581,28.74,2019,4,-0.301125949,No change
BAJFINANCE,EQ,2019-04-04,3046,3060,3065,3017.45,3044,3039.45,3043.42,772776,2351883876,44516,172919,22.38,2019,4,-0.215036113,No change
BAJFINANCE,EQ,2019-04-05,3039.45,3048,3125,3046.1,3123,3114.2,3093.63,1244408,3849737046,59941,320917,25.79,2019,4,2.459326523,Positive
BAJFINANCE,EQ,2019-04-08,3114.2,3123,3130,3018,3021,3024.1,3055.6,1642189,5017878950,78395,598983,36.47,2019,4,-2.893198895,Negative
BAJFINANCE,EQ,2019-04-09,3024.1,3016.55,3049.1,2979.45,3010.6,3008.7,3009.43,1733324,5216313973,77367,592390,34.18,2019,4,-0.509242419,Slight negative
BAJFINANCE,EQ,2019-04-10,3008.7,3011.1,3037,2986,2997.45,2998.35,3009.65,994899,2994300477,49654,325521,32.72,2019,4,-0.344002393,No change
BAJFINANCE,EQ,2019-04-11,2998.35,3008,3055,2992,3037.1,3047.85,3022.74,1016712,3073259403,53915,274857,27.03,2019,4,1.650907999,Positive
BAJFINANCE,EQ,2019-04-12,3047.85,3052,3062,3001.3,3012,3008.8,3030.2,1048138,3176069482,51603,331975,31.67,2019,4,-1.281231032,Negative
BAJFINANCE,EQ,2019-04-15,3008.8,3028.6,3033,3001.95,3022,3022.25,3019.95,651634,1967903039,34056,164586,25.26,2019,4,0.447022069,No change
BAJFINANCE,EQ,2019-04-16,3022.25,3018,3057.3,3018,3025.45,3032.5,3038.8,1021478,3104064353,57761,372648,36.48,2019,4,0.339151295,No change
BAJFINANCE,EQ,2019-04-18,3032.5,3038.7,3046,2995,3015,3014.45,3016.5,658826,1987348287,37851,143117,21.72,2019,4,-0.595218467,Slight negative
BAJFINANCE,EQ,2019-04-22,3014.45,3010,3010,2975,2986,2991.25,2989.68,662157,1979635132,40610,199087,30.07,2019,4,-0.7696263,Slight negative
BAJFINANCE,EQ,2019-04-23,2991.25,2992,3058.5,2987.05,3037.1,3035.05,3029.12,991968,3004793962,44445,158516,15.98,2019,4,1.46427079,Positive
BAJFINANCE,EQ,2019-04-24,3035.05,3035,3099,3032,3089.4,3093.05,3066.82,990580,3037933480,47446,234821,23.71,2019,4,1.911006408,Positive
BAJFINANCE,EQ,2019-04-25,3093.05,3099.8,3114.4,3072.65,3081.95,3081,3093.19,1240564,3837301280,50358,479143,38.62,2019,4,-0.389583098,No change
BAJFINANCE,EQ,2019-04-26,3081,3089,3105,3045,3092,3096.85,3075.89,613807,1888004533,31537,113148,18.43,2019,4,0.514443363,Slight positive
BAJFINANCE,EQ,2019-04-30,3096.85,3092,3120,3040,3100,3095.95,3074.66,900968,2770174608,47594,317545,35.24,2019,4,-0.029061789,No change
BAJFINANCE,EQ,2019-05-02,3095.95,3095,3148.95,3060,3122.7,3131.75,3121.56,895830,2796387391,48625,187815,20.97,2019,5,1.156349424,Positive
BAJFINANCE,EQ,2019-05-03,3131.75,3130.1,3165,3102.3,3110.9,3111.85,3135.44,730728,2291151907,36365,138494,18.95,2019,5,-0.635427477,Slight negative
BAJFINANCE,EQ,2019-05-06,3111.85,3066,3094,3026,3041.2,3034.3,3065.33,966487,2962597748,60723,331084,34.26,2019,5,-2.492086701,Negative
BAJFINANCE,EQ,2019-05-07,3034.3,3052.9,3069.8,3007.6,3023,3017.05,3041.32,970264,2950885672,56586,233523,24.07,2019,5,-0.568500148,Slight negative
BAJFINANCE,EQ,2019-05-08,3017.05,3012,3017,2900,2910,2921.3,2969.3,1155023,3429605155,70959,375292,32.49,2019,5,-3.17362987,Among top losers
BAJFINANCE,EQ,2019-05-09,2921.3,2900,2991.8,2885,2969,2971.35,2951.93,1745234,5151802627,92225,369765,21.19,2019,5,1.713278335,Positive
BAJFINANCE,EQ,2019-05-10,2971.35,2970.1,2996,2900,2922,2922.85,2929.29,1630089,4775006288,84565,296922,18.22,2019,5,-1.632254699,Negative
BAJFINANCE,EQ,2019-05-13,2922.85,2929.9,2957.95,2906,2935,2931.85,2932.66,1356229,3977358448,61078,371085,27.36,2019,5,0.307918641,No change
